time,shortwave_radiation,cloud_cover,hour
2023-04-01T00:00,0.0,100,0
2023-04-01T01:00,0.0,100,1
2023-04-01T02:00,0.0,100,2
2023-04-01T03:00,0.0,100,3
2023-04-01T04:00,0.0,100,4
2023-04-01T05:00,0.0,100,5
2023-04-01T06:00,0.0,100,6
2023-04-01T07:00,0.0,100,7
2023-04-01T08:00,2.0,100,8
2023-04-01T09:00,20.0,100,9
2023-04-01T10:00,60.0,100,10
2023-04-01T11:00,143.0,100,11
2023-04-01T12:00,149.0,100,12
2023-04-01T13:00,171.0,100,13
2023-04-01T14:00,670.0,84,14
2023-04-01T15:00,665.0,55,15
2023-04-01T16:00,611.0,53,16
2023-04-01T17:00,422.0,14,17
2023-04-01T18:00,438.0,35,18
2023-04-01T19:00,262.0,64,19
2023-04-01T20:00,82.0,75,20
2023-04-01T21:00,1.0,100,21
2023-04-01T22:00,0.0,100,22
2023-04-01T23:00,0.0,100,23
2023-04-02T00:00,0.0,100,0
2023-04-02T01:00,0.0,1,1
2023-04-02T02:00,0.0,1,2
2023-04-02T03:00,0.0,14,3
2023-04-02T04:00,0.0,3,4
2023-04-02T05:00,0.0,85,5
2023-04-02T06:00,0.0,14,6
2023-04-02T07:00,0.0,1,7
2023-04-02T08:00,6.0,0,8
2023-04-02T09:00,118.0,1,9
2023-04-02T10:00,311.0,43,10
2023-04-02T11:00,505.0,85,11
2023-04-02T12:00,639.0,55,12
2023-04-02T13:00,753.0,1,13
2023-04-02T14:00,827.0,4,14
2023-04-02T15:00,775.0,8,15
2023-04-02T16:00,733.0,46,16
2023-04-02T17:00,501.0,91,17
2023-04-02T18:00,314.0,25,18
2023-04-02T19:00,231.0,10,19
2023-04-02T20:00,86.0,6,20
2023-04-02T21:00,2.0,1,21
2023-04-02T22:00,0.0,7,22
2023-04-02T23:00,0.0,2,23
2023-04-03T00:00,0.0,10,0
2023-04-03T01:00,0.0,1,1
2023-04-03T02:00,0.0,0,2
2023-04-03T03:00,0.0,22,3
2023-04-03T04:00,0.0,0,4
2023-04-03T05:00,0.0,1,5
2023-04-03T06:00,0.0,1,6
2023-04-03T07:00,0.0,0,7
2023-04-03T08:00,7.0,0,8
2023-04-03T09:00,119.0,0,9
2023-04-03T10:00,306.0,0,10
2023-04-03T11:00,495.0,0,11
2023-04-03T12:00,655.0,0,12
2023-04-03T13:00,743.0,27,13
2023-04-03T14:00,731.0,37,14
2023-04-03T15:00,813.0,28,15
2023-04-03T16:00,667.0,69,16
2023-04-03T17:00,484.0,58,17
2023-04-03T18:00,387.0,27,18
2023-04-03T19:00,217.0,3,19
2023-04-03T20:00,89.0,2,20
2023-04-03T21:00,2.0,0,21
2023-04-03T22:00,0.0,10,22
2023-04-03T23:00,0.0,26,23
2023-04-04T00:00,0.0,9,0
2023-04-04T01:00,0.0,4,1
2023-04-04T02:00,0.0,26,2
2023-04-04T03:00,0.0,2,3
2023-04-04T04:00,0.0,1,4
2023-04-04T05:00,0.0,3,5
2023-04-04T06:00,0.0,5,6
2023-04-04T07:00,0.0,2,7
2023-04-04T08:00,8.0,1,8
2023-04-04T09:00,125.0,1,9
2023-04-04T10:00,317.0,3,10
2023-04-04T11:00,501.0,15,11
2023-04-04T12:00,559.0,3,12
2023-04-04T13:00,712.0,15,13
2023-04-04T14:00,779.0,10,14
2023-04-04T15:00,788.0,19,15
2023-04-04T16:00,736.0,80,16
2023-04-04T17:00,428.0,80,17
2023-04-04T18:00,296.0,10,18
2023-04-04T19:00,266.0,46,19
2023-04-04T20:00,86.0,4,20
2023-04-04T21:00,2.0,26,21
2023-04-04T22:00,0.0,100,22
2023-04-04T23:00,0.0,32,23
2023-04-05T00:00,0.0,7,0
2023-04-05T01:00,0.0,0,1
2023-04-05T02:00,0.0,0,2
2023-04-05T03:00,0.0,0,3
2023-04-05T04:00,0.0,0,4
2023-04-05T05:00,0.0,0,5
2023-04-05T06:00,0.0,0,6
2023-04-05T07:00,0.0,0,7
2023-04-05T08:00,9.0,0,8
2023-04-05T09:00,128.0,0,9
2023-04-05T10:00,319.0,0,10
2023-04-05T11:00,500.0,0,11
2023-04-05T12:00,675.0,0,12
2023-04-05T13:00,795.0,0,13
2023-04-05T14:00,848.0,6,14
2023-04-05T15:00,840.0,0,15
2023-04-05T16:00,767.0,0,16
2023-04-05T17:00,629.0,0,17
2023-04-05T18:00,476.0,8,18
2023-04-05T19:00,284.0,0,19
2023-04-05T20:00,98.0,43,20
2023-04-05T21:00,3.0,97,21
2023-04-05T22:00,0.0,97,22
2023-04-05T23:00,0.0,82,23
2023-04-06T00:00,0.0,86,0
2023-04-06T01:00,0.0,95,1
2023-04-06T02:00,0.0,11,2
2023-04-06T03:00,0.0,100,3
2023-04-06T04:00,0.0,83,4
2023-04-06T05:00,0.0,45,5
2023-04-06T06:00,0.0,49,6
2023-04-06T07:00,0.0,100,7
2023-04-06T08:00,10.0,93,8
2023-04-06T09:00,108.0,79,9
2023-04-06T10:00,298.0,63,10
2023-04-06T11:00,475.0,76,11
2023-04-06T12:00,599.0,72,12
2023-04-06T13:00,648.0,52,13
2023-04-06T14:00,730.0,100,14
2023-04-06T15:00,565.0,70,15
2023-04-06T16:00,575.0,20,16
2023-04-06T17:00,544.0,7,17
2023-04-06T18:00,439.0,6,18
2023-04-06T19:00,275.0,5,19
2023-04-06T20:00,95.0,55,20
2023-04-06T21:00,3.0,5,21
2023-04-06T22:00,0.0,0,22
2023-04-06T23:00,0.0,0,23
2023-04-07T00:00,0.0,0,0
2023-04-07T01:00,0.0,0,1
2023-04-07T02:00,0.0,0,2
2023-04-07T03:00,0.0,0,3
2023-04-07T04:00,0.0,0,4
2023-04-07T05:00,0.0,0,5
2023-04-07T06:00,0.0,0,6
2023-04-07T07:00,0.0,14,7
2023-04-07T08:00,12.0,44,8
2023-04-07T09:00,136.0,9,9
2023-04-07T10:00,329.0,14,10
2023-04-07T11:00,517.0,6,11
2023-04-07T12:00,673.0,0,12
2023-04-07T13:00,783.0,0,13
2023-04-07T14:00,835.0,65,14
2023-04-07T15:00,821.0,42,15
2023-04-07T16:00,760.0,31,16
2023-04-07T17:00,588.0,48,17
2023-04-07T18:00,448.0,21,18
2023-04-07T19:00,278.0,24,19
2023-04-07T20:00,98.0,7,20
2023-04-07T21:00,4.0,21,21
2023-04-07T22:00,0.0,18,22
2023-04-07T23:00,0.0,13,23
2023-04-08T00:00,0.0,61,0
2023-04-08T01:00,0.0,47,1
2023-04-08T02:00,0.0,2,2
2023-04-08T03:00,0.0,56,3
2023-04-08T04:00,0.0,63,4
2023-04-08T05:00,0.0,50,5
2023-04-08T06:00,0.0,24,6
2023-04-08T07:00,0.0,77,7
2023-04-08T08:00,13.0,41,8
2023-04-08T09:00,138.0,1,9
2023-04-08T10:00,334.0,0,10
2023-04-08T11:00,525.0,0,11
2023-04-08T12:00,681.0,0,12
2023-04-08T13:00,790.0,18,13
2023-04-08T14:00,843.0,21,14
2023-04-08T15:00,831.0,68,15
2023-04-08T16:00,758.0,86,16
2023-04-08T17:00,622.0,36,17
2023-04-08T18:00,473.0,22,18
2023-04-08T19:00,284.0,17,19
2023-04-08T20:00,101.0,9,20
2023-04-08T21:00,4.0,1,21
2023-04-08T22:00,0.0,0,22
2023-04-08T23:00,0.0,0,23
2023-04-09T00:00,0.0,0,0
2023-04-09T01:00,0.0,0,1
2023-04-09T02:00,0.0,0,2
2023-04-09T03:00,0.0,16,3
2023-04-09T04:00,0.0,23,4
2023-04-09T05:00,0.0,55,5
2023-04-09T06:00,0.0,98,6
2023-04-09T07:00,0.0,100,7
2023-04-09T08:00,14.0,100,8
2023-04-09T09:00,132.0,100,9
2023-04-09T10:00,321.0,100,10
2023-04-09T11:00,493.0,100,11
2023-04-09T12:00,660.0,100,12
2023-04-09T13:00,773.0,100,13
2023-04-09T14:00,762.0,100,14
2023-04-09T15:00,747.0,100,15
2023-04-09T16:00,710.0,96,16
2023-04-09T17:00,532.0,87,17
2023-04-09T18:00,391.0,56,18
2023-04-09T19:00,253.0,87,19
2023-04-09T20:00,99.0,88,20
2023-04-09T21:00,5.0,100,21
2023-04-09T22:00,0.0,100,22
2023-04-09T23:00,0.0,100,23
2023-04-10T00:00,0.0,100,0
2023-04-10T01:00,0.0,100,1
2023-04-10T02:00,0.0,99,2
2023-04-10T03:00,0.0,93,3
2023-04-10T04:00,0.0,100,4
2023-04-10T05:00,0.0,100,5
2023-04-10T06:00,0.0,99,6
2023-04-10T07:00,0.0,100,7
2023-04-10T08:00,14.0,100,8
2023-04-10T09:00,117.0,100,9
2023-04-10T10:00,319.0,100,10
2023-04-10T11:00,497.0,100,11
2023-04-10T12:00,634.0,100,12
2023-04-10T13:00,594.0,100,13
2023-04-10T14:00,741.0,99,14
2023-04-10T15:00,775.0,98,15
2023-04-10T16:00,719.0,100,16
2023-04-10T17:00,588.0,98,17
2023-04-10T18:00,448.0,100,18
2023-04-10T19:00,234.0,95,19
2023-04-10T20:00,75.0,100,20
2023-04-10T21:00,3.0,100,21
2023-04-10T22:00,0.0,94,22
2023-04-10T23:00,0.0,100,23
2023-04-11T00:00,0.0,100,0
2023-04-11T01:00,0.0,100,1
2023-04-11T02:00,0.0,95,2
2023-04-11T03:00,0.0,100,3
2023-04-11T04:00,0.0,93,4
2023-04-11T05:00,0.0,100,5
2023-04-11T06:00,0.0,91,6
2023-04-11T07:00,0.0,100,7
2023-04-11T08:00,13.0,100,8
2023-04-11T09:00,116.0,100,9
2023-04-11T10:00,281.0,100,10
2023-04-11T11:00,456.0,100,11
2023-04-11T12:00,571.0,100,12
2023-04-11T13:00,707.0,100,13
2023-04-11T14:00,725.0,100,14
2023-04-11T15:00,799.0,100,15
2023-04-11T16:00,735.0,97,16
2023-04-11T17:00,621.0,100,17
2023-04-11T18:00,459.0,100,18
2023-04-11T19:00,264.0,86,19
2023-04-11T20:00,108.0,22,20
2023-04-11T21:00,6.0,20,21
2023-04-11T22:00,0.0,32,22
2023-04-11T23:00,0.0,18,23
2023-04-12T00:00,0.0,86,0
2023-04-12T01:00,0.0,98,1
2023-04-12T02:00,0.0,88,2
2023-04-12T03:00,0.0,95,3
2023-04-12T04:00,0.0,98,4
2023-04-12T05:00,0.0,92,5
2023-04-12T06:00,0.0,34,6
2023-04-12T07:00,0.0,48,7
2023-04-12T08:00,20.0,13,8
2023-04-12T09:00,158.0,31,9
2023-04-12T10:00,348.0,83,10
2023-04-12T11:00,535.0,86,11
2023-04-12T12:00,688.0,80,12
2023-04-12T13:00,796.0,18,13
2023-04-12T14:00,856.0,0,14
2023-04-12T15:00,853.0,0,15
2023-04-12T16:00,787.0,0,16
2023-04-12T17:00,665.0,90,17
2023-04-12T18:00,476.0,100,18
2023-04-12T19:00,160.0,100,19
2023-04-12T20:00,41.0,100,20
2023-04-12T21:00,2.0,100,21
2023-04-12T22:00,0.0,97,22
2023-04-12T23:00,0.0,89,23
2023-04-13T00:00,0.0,100,0
2023-04-13T01:00,0.0,100,1
2023-04-13T02:00,0.0,100,2
2023-04-13T03:00,0.0,98,3
2023-04-13T04:00,0.0,78,4
2023-04-13T05:00,0.0,100,5
2023-04-13T06:00,0.0,100,6
2023-04-13T07:00,0.0,100,7
2023-04-13T08:00,17.0,67,8
2023-04-13T09:00,124.0,12,9
2023-04-13T10:00,343.0,5,10
2023-04-13T11:00,492.0,3,11
2023-04-13T12:00,668.0,0,12
2023-04-13T13:00,811.0,3,13
2023-04-13T14:00,854.0,28,14
2023-04-13T15:00,870.0,24,15
2023-04-13T16:00,762.0,64,16
2023-04-13T17:00,489.0,87,17
2023-04-13T18:00,357.0,63,18
2023-04-13T19:00,227.0,53,19
2023-04-13T20:00,111.0,51,20
2023-04-13T21:00,7.0,27,21
2023-04-13T22:00,0.0,16,22
2023-04-13T23:00,0.0,30,23
2023-04-14T00:00,0.0,100,0
2023-04-14T01:00,0.0,99,1
2023-04-14T02:00,0.0,100,2
2023-04-14T03:00,0.0,59,3
2023-04-14T04:00,0.0,74,4
2023-04-14T05:00,0.0,75,5
2023-04-14T06:00,0.0,94,6
2023-04-14T07:00,0.0,62,7
2023-04-14T08:00,22.0,100,8
2023-04-14T09:00,144.0,100,9
2023-04-14T10:00,311.0,100,10
2023-04-14T11:00,342.0,51,11
2023-04-14T12:00,619.0,10,12
2023-04-14T13:00,801.0,0,13
2023-04-14T14:00,854.0,61,14
2023-04-14T15:00,751.0,83,15
2023-04-14T16:00,606.0,84,16
2023-04-14T17:00,522.0,59,17
2023-04-14T18:00,415.0,52,18
2023-04-14T19:00,199.0,93,19
2023-04-14T20:00,83.0,40,20
2023-04-14T21:00,7.0,9,21
2023-04-14T22:00,0.0,6,22
2023-04-14T23:00,0.0,1,23
2023-04-15T00:00,0.0,4,0
2023-04-15T01:00,0.0,0,1
2023-04-15T02:00,0.0,7,2
2023-04-15T03:00,0.0,15,3
2023-04-15T04:00,0.0,34,4
2023-04-15T05:00,0.0,2,5
2023-04-15T06:00,0.0,3,6
2023-04-15T07:00,0.0,1,7
2023-04-15T08:00,25.0,1,8
2023-04-15T09:00,172.0,65,9
2023-04-15T10:00,361.0,55,10
2023-04-15T11:00,545.0,64,11
2023-04-15T12:00,692.0,79,12
2023-04-15T13:00,777.0,49,13
2023-04-15T14:00,835.0,42,14
2023-04-15T15:00,593.0,47,15
2023-04-15T16:00,722.0,28,16
2023-04-15T17:00,623.0,30,17
2023-04-15T18:00,471.0,39,18
2023-04-15T19:00,275.0,96,19
2023-04-15T20:00,114.0,91,20
2023-04-15T21:00,8.0,97,21
2023-04-15T22:00,0.0,100,22
2023-04-15T23:00,0.0,83,23
2023-04-16T00:00,0.0,69,0
2023-04-16T01:00,0.0,71,1
2023-04-16T02:00,0.0,72,2
2023-04-16T03:00,0.0,93,3
2023-04-16T04:00,0.0,62,4
2023-04-16T05:00,0.0,1,5
2023-04-16T06:00,0.0,28,6
2023-04-16T07:00,0.0,8,7
2023-04-16T08:00,29.0,14,8
2023-04-16T09:00,176.0,0,9
2023-04-16T10:00,378.0,64,10
2023-04-16T11:00,564.0,99,11
2023-04-16T12:00,698.0,87,12
2023-04-16T13:00,810.0,66,13
2023-04-16T14:00,874.0,100,14
2023-04-16T15:00,847.0,61,15
2023-04-16T16:00,790.0,3,16
2023-04-16T17:00,661.0,26,17
2023-04-16T18:00,496.0,8,18
2023-04-16T19:00,311.0,1,19
2023-04-16T20:00,126.0,2,20
2023-04-16T21:00,9.0,0,21
2023-04-16T22:00,0.0,0,22
2023-04-16T23:00,0.0,2,23
2023-04-17T00:00,0.0,0,0
2023-04-17T01:00,0.0,2,1
2023-04-17T02:00,0.0,27,2
2023-04-17T03:00,0.0,24,3
2023-04-17T04:00,0.0,26,4
2023-04-17T05:00,0.0,23,5
2023-04-17T06:00,0.0,22,6
2023-04-17T07:00,0.0,15,7
2023-04-17T08:00,30.0,0,8
2023-04-17T09:00,182.0,19,9
2023-04-17T10:00,376.0,97,10
2023-04-17T11:00,554.0,84,11
2023-04-17T12:00,707.0,96,12
2023-04-17T13:00,779.0,76,13
2023-04-17T14:00,853.0,21,14
2023-04-17T15:00,815.0,7,15
2023-04-17T16:00,712.0,4,16
2023-04-17T17:00,612.0,25,17
2023-04-17T18:00,416.0,68,18
2023-04-17T19:00,256.0,66,19
2023-04-17T20:00,101.0,54,20
2023-04-17T21:00,9.0,86,21
2023-04-17T22:00,0.0,77,22
2023-04-17T23:00,0.0,100,23
2023-04-18T00:00,0.0,82,0
2023-04-18T01:00,0.0,66,1
2023-04-18T02:00,0.0,18,2
2023-04-18T03:00,0.0,71,3
2023-04-18T04:00,0.0,36,4
2023-04-18T05:00,0.0,15,5
2023-04-18T06:00,0.0,14,6
2023-04-18T07:00,0.0,30,7
2023-04-18T08:00,27.0,93,8
2023-04-18T09:00,100.0,98,9
2023-04-18T10:00,209.0,61,10
2023-04-18T11:00,421.0,25,11
2023-04-18T12:00,656.0,25,12
2023-04-18T13:00,757.0,25,13
2023-04-18T14:00,741.0,16,14
2023-04-18T15:00,732.0,44,15
2023-04-18T16:00,589.0,41,16
2023-04-18T17:00,580.0,16,17
2023-04-18T18:00,425.0,10,18
2023-04-18T19:00,269.0,12,19
2023-04-18T20:00,124.0,1,20
2023-04-18T21:00,10.0,0,21
2023-04-18T22:00,0.0,0,22
2023-04-18T23:00,0.0,0,23
2023-04-19T00:00,0.0,0,0
2023-04-19T01:00,0.0,0,1
2023-04-19T02:00,0.0,0,2
2023-04-19T03:00,0.0,0,3
2023-04-19T04:00,0.0,52,4
2023-04-19T05:00,0.0,90,5
2023-04-19T06:00,0.0,72,6
2023-04-19T07:00,0.0,63,7
2023-04-19T08:00,34.0,18,8
2023-04-19T09:00,185.0,12,9
2023-04-19T10:00,378.0,28,10
2023-04-19T11:00,562.0,38,11
2023-04-19T12:00,713.0,14,12
2023-04-19T13:00,821.0,52,13
2023-04-19T14:00,871.0,100,14
2023-04-19T15:00,861.0,35,15
2023-04-19T16:00,797.0,21,16
2023-04-19T17:00,669.0,1,17
2023-04-19T18:00,509.0,1,18
2023-04-19T19:00,320.0,0,19
2023-04-19T20:00,133.0,0,20
2023-04-19T21:00,12.0,1,21
2023-04-19T22:00,0.0,1,22
2023-04-19T23:00,0.0,0,23
2023-04-20T00:00,0.0,0,0
2023-04-20T01:00,0.0,0,1
2023-04-20T02:00,0.0,0,2
2023-04-20T03:00,0.0,0,3
2023-04-20T04:00,0.0,0,4
2023-04-20T05:00,0.0,0,5
2023-04-20T06:00,0.0,0,6
2023-04-20T07:00,0.0,0,7
2023-04-20T08:00,37.0,0,8
2023-04-20T09:00,194.0,0,9
2023-04-20T10:00,389.0,0,10
2023-04-20T11:00,573.0,0,11
2023-04-20T12:00,723.0,0,12
2023-04-20T13:00,827.0,0,13
2023-04-20T14:00,874.0,49,14
2023-04-20T15:00,857.0,16,15
2023-04-20T16:00,793.0,14,16
2023-04-20T17:00,617.0,55,17
2023-04-20T18:00,459.0,94,18
2023-04-20T19:00,251.0,96,19
2023-04-20T20:00,92.0,100,20
2023-04-20T21:00,9.0,99,21
2023-04-20T22:00,0.0,65,22
2023-04-20T23:00,0.0,58,23
2023-04-21T00:00,0.0,11,0
2023-04-21T01:00,0.0,20,1
2023-04-21T02:00,0.0,11,2
2023-04-21T03:00,0.0,100,3
2023-04-21T04:00,0.0,100,4
2023-04-21T05:00,0.0,57,5
2023-04-21T06:00,0.0,46,6
2023-04-21T07:00,0.0,40,7
2023-04-21T08:00,29.0,51,8
2023-04-21T09:00,144.0,44,9
2023-04-21T10:00,331.0,34,10
2023-04-21T11:00,460.0,42,11
2023-04-21T12:00,673.0,30,12
2023-04-21T13:00,799.0,21,13
2023-04-21T14:00,863.0,0,14
2023-04-21T15:00,812.0,92,15
2023-04-21T16:00,787.0,21,16
2023-04-21T17:00,643.0,93,17
2023-04-21T18:00,486.0,99,18
2023-04-21T19:00,314.0,100,19
2023-04-21T20:00,129.0,40,20
2023-04-21T21:00,13.0,8,21
2023-04-21T22:00,0.0,35,22
2023-04-21T23:00,0.0,83,23
2023-04-22T00:00,0.0,89,0
2023-04-22T01:00,0.0,100,1
2023-04-22T02:00,0.0,47,2
2023-04-22T03:00,0.0,100,3
2023-04-22T04:00,0.0,71,4
2023-04-22T05:00,0.0,99,5
2023-04-22T06:00,0.0,80,6
2023-04-22T07:00,0.0,95,7
2023-04-22T08:00,40.0,95,8
2023-04-22T09:00,179.0,79,9
2023-04-22T10:00,247.0,100,10
2023-04-22T11:00,438.0,99,11
2023-04-22T12:00,641.0,84,12
2023-04-22T13:00,781.0,100,13
2023-04-22T14:00,778.0,100,14
2023-04-22T15:00,544.0,100,15
2023-04-22T16:00,651.0,72,16
2023-04-22T17:00,635.0,62,17
2023-04-22T18:00,504.0,68,18
2023-04-22T19:00,288.0,97,19
2023-04-22T20:00,95.0,1,20
2023-04-22T21:00,14.0,3,21
2023-04-22T22:00,0.0,10,22
2023-04-22T23:00,0.0,0,23
2023-04-23T00:00,0.0,5,0
2023-04-23T01:00,0.0,41,1
2023-04-23T02:00,0.0,12,2
2023-04-23T03:00,0.0,26,3
2023-04-23T04:00,0.0,5,4
2023-04-23T05:00,0.0,5,5
2023-04-23T06:00,0.0,0,6
2023-04-23T07:00,0.0,0,7
2023-04-23T08:00,43.0,0,8
2023-04-23T09:00,197.0,87,9
2023-04-23T10:00,386.0,100,10
2023-04-23T11:00,550.0,100,11
2023-04-23T12:00,655.0,97,12
2023-04-23T13:00,738.0,98,13
2023-04-23T14:00,784.0,97,14
2023-04-23T15:00,665.0,98,15
2023-04-23T16:00,625.0,19,16
2023-04-23T17:00,628.0,24,17
2023-04-23T18:00,474.0,1,18
2023-04-23T19:00,317.0,1,19
2023-04-23T20:00,138.0,5,20
2023-04-23T21:00,15.0,41,21
2023-04-23T22:00,0.0,81,22
2023-04-23T23:00,0.0,63,23
2023-04-24T00:00,0.0,68,0
2023-04-24T01:00,0.0,65,1
2023-04-24T02:00,0.0,16,2
2023-04-24T03:00,0.0,53,3
2023-04-24T04:00,0.0,9,4
2023-04-24T05:00,0.0,24,5
2023-04-24T06:00,0.0,46,6
2023-04-24T07:00,0.0,88,7
2023-04-24T08:00,40.0,25,8
2023-04-24T09:00,182.0,17,9
2023-04-24T10:00,380.0,67,10
2023-04-24T11:00,530.0,95,11
2023-04-24T12:00,712.0,98,12
2023-04-24T13:00,801.0,94,13
2023-04-24T14:00,868.0,93,14
2023-04-24T15:00,730.0,100,15
2023-04-24T16:00,614.0,84,16
2023-04-24T17:00,560.0,69,17
2023-04-24T18:00,474.0,71,18
2023-04-24T19:00,319.0,75,19
2023-04-24T20:00,105.0,47,20
2023-04-24T21:00,13.0,68,21
2023-04-24T22:00,0.0,75,22
2023-04-24T23:00,0.0,100,23
2023-04-25T00:00,0.0,51,0
2023-04-25T01:00,0.0,83,1
2023-04-25T02:00,0.0,100,2
2023-04-25T03:00,0.0,91,3
2023-04-25T04:00,0.0,99,4
2023-04-25T05:00,0.0,100,5
2023-04-25T06:00,0.0,100,6
2023-04-25T07:00,0.0,100,7
2023-04-25T08:00,34.0,100,8
2023-04-25T09:00,142.0,100,9
2023-04-25T10:00,283.0,99,10
2023-04-25T11:00,522.0,99,11
2023-04-25T12:00,697.0,84,12
2023-04-25T13:00,791.0,86,13
2023-04-25T14:00,808.0,85,14
2023-04-25T15:00,787.0,94,15
2023-04-25T16:00,680.0,60,16
2023-04-25T17:00,629.0,71,17
2023-04-25T18:00,451.0,72,18
2023-04-25T19:00,259.0,92,19
2023-04-25T20:00,110.0,98,20
2023-04-25T21:00,15.0,41,21
2023-04-25T22:00,0.0,81,22
2023-04-25T23:00,0.0,62,23
2023-04-26T00:00,0.0,91,0
2023-04-26T01:00,0.0,59,1
2023-04-26T02:00,0.0,83,2
2023-04-26T03:00,0.0,85,3
2023-04-26T04:00,0.0,98,4
2023-04-26T05:00,0.0,64,5
2023-04-26T06:00,0.0,61,6
2023-04-26T07:00,0.0,67,7
2023-04-26T08:00,46.0,58,8
2023-04-26T09:00,197.0,91,9
2023-04-26T10:00,371.0,53,10
2023-04-26T11:00,547.0,48,11
2023-04-26T12:00,629.0,49,12
2023-04-26T13:00,701.0,72,13
2023-04-26T14:00,694.0,65,14
2023-04-26T15:00,731.0,50,15
2023-04-26T16:00,654.0,88,16
2023-04-26T17:00,603.0,97,17
2023-04-26T18:00,462.0,100,18
2023-04-26T19:00,222.0,100,19
2023-04-26T20:00,91.0,100,20
2023-04-26T21:00,13.0,100,21
2023-04-26T22:00,0.0,100,22
2023-04-26T23:00,0.0,100,23
2023-04-27T00:00,0.0,100,0
2023-04-27T01:00,0.0,75,1
2023-04-27T02:00,0.0,84,2
2023-04-27T03:00,0.0,94,3
2023-04-27T04:00,0.0,87,4
2023-04-27T05:00,0.0,86,5
2023-04-27T06:00,0.0,100,6
2023-04-27T07:00,0.0,83,7
2023-04-27T08:00,50.0,82,8
2023-04-27T09:00,203.0,100,9
2023-04-27T10:00,322.0,100,10
2023-04-27T11:00,468.0,100,11
2023-04-27T12:00,642.0,90,12
2023-04-27T13:00,799.0,86,13
2023-04-27T14:00,841.0,35,14
2023-04-27T15:00,832.0,66,15
2023-04-27T16:00,782.0,83,16
2023-04-27T17:00,659.0,100,17
2023-04-27T18:00,477.0,100,18
2023-04-27T19:00,309.0,100,19
2023-04-27T20:00,131.0,82,20
2023-04-27T21:00,18.0,14,21
2023-04-27T22:00,0.0,62,22
2023-04-27T23:00,0.0,99,23
2023-04-28T00:00,0.0,96,0
2023-04-28T01:00,0.0,100,1
2023-04-28T02:00,0.0,97,2
2023-04-28T03:00,0.0,99,3
2023-04-28T04:00,0.0,100,4
2023-04-28T05:00,0.0,100,5
2023-04-28T06:00,0.0,100,6
2023-04-28T07:00,0.0,100,7
2023-04-28T08:00,53.0,100,8
2023-04-28T09:00,202.0,100,9
2023-04-28T10:00,369.0,100,10
2023-04-28T11:00,539.0,100,11
2023-04-28T12:00,702.0,100,12
2023-04-28T13:00,787.0,100,13
2023-04-28T14:00,840.0,100,14
2023-04-28T15:00,797.0,100,15
2023-04-28T16:00,728.0,100,16
2023-04-28T17:00,522.0,99,17
2023-04-28T18:00,439.0,87,18
2023-04-28T19:00,281.0,40,19
2023-04-28T20:00,143.0,86,20
2023-04-28T21:00,19.0,100,21
2023-04-28T22:00,0.0,100,22
2023-04-28T23:00,0.0,100,23
2023-04-29T00:00,0.0,100,0
2023-04-29T01:00,0.0,100,1
2023-04-29T02:00,0.0,100,2
2023-04-29T03:00,0.0,100,3
2023-04-29T04:00,0.0,100,4
2023-04-29T05:00,0.0,95,5
2023-04-29T06:00,0.0,90,6
2023-04-29T07:00,0.0,100,7
2023-04-29T08:00,45.0,100,8
2023-04-29T09:00,183.0,74,9
2023-04-29T10:00,395.0,39,10
2023-04-29T11:00,578.0,61,11
2023-04-29T12:00,721.0,61,12
2023-04-29T13:00,820.0,58,13
2023-04-29T14:00,851.0,100,14
2023-04-29T15:00,836.0,100,15
2023-04-29T16:00,729.0,100,16
2023-04-29T17:00,605.0,100,17
2023-04-29T18:00,470.0,100,18
2023-04-29T19:00,258.0,100,19
2023-04-29T20:00,96.0,100,20
2023-04-29T21:00,15.0,100,21
2023-04-29T22:00,0.0,100,22
2023-04-29T23:00,0.0,100,23
2023-04-30T00:00,0.0,100,0
2023-04-30T01:00,0.0,100,1
2023-04-30T02:00,0.0,100,2
2023-04-30T03:00,0.0,98,3
2023-04-30T04:00,0.0,84,4
2023-04-30T05:00,0.0,28,5
2023-04-30T06:00,0.0,9,6
2023-04-30T07:00,0.0,12,7
2023-04-30T08:00,55.0,22,8
2023-04-30T09:00,199.0,18,9
2023-04-30T10:00,365.0,22,10
2023-04-30T11:00,526.0,73,11
2023-04-30T12:00,550.0,43,12
2023-04-30T13:00,635.0,15,13
2023-04-30T14:00,801.0,54,14
2023-04-30T15:00,492.0,61,15
2023-04-30T16:00,586.0,31,16
2023-04-30T17:00,553.0,71,17
2023-04-30T18:00,411.0,89,18
2023-04-30T19:00,296.0,82,19
2023-04-30T20:00,124.0,100,20
2023-04-30T21:00,15.0,100,21
2023-04-30T22:00,0.0,100,22
2023-04-30T23:00,0.0,100,23
2023-05-01T00:00,0.0,100,0
2023-05-01T01:00,0.0,100,1
2023-05-01T02:00,0.0,100,2
2023-05-01T03:00,0.0,100,3
2023-05-01T04:00,0.0,100,4
2023-05-01T05:00,0.0,73,5
2023-05-01T06:00,0.0,100,6
2023-05-01T07:00,0.0,100,7
2023-05-01T08:00,24.0,65,8
2023-05-01T09:00,150.0,42,9
2023-05-01T10:00,300.0,54,10
2023-05-01T11:00,449.0,43,11
2023-05-01T12:00,496.0,52,12
2023-05-01T13:00,657.0,59,13
2023-05-01T14:00,679.0,46,14
2023-05-01T15:00,573.0,71,15
2023-05-01T16:00,560.0,36,16
2023-05-01T17:00,569.0,47,17
2023-05-01T18:00,430.0,16,18
2023-05-01T19:00,288.0,11,19
2023-05-01T20:00,149.0,3,20
2023-05-01T21:00,23.0,23,21
2023-05-01T22:00,0.0,92,22
2023-05-01T23:00,0.0,56,23
2023-05-02T00:00,0.0,83,0
2023-05-02T01:00,0.0,51,1
2023-05-02T02:00,0.0,8,2
2023-05-02T03:00,0.0,1,3
2023-05-02T04:00,0.0,12,4
2023-05-02T05:00,0.0,2,5
2023-05-02T06:00,0.0,100,6
2023-05-02T07:00,1.0,99,7
2023-05-02T08:00,66.0,50,8
2023-05-02T09:00,230.0,22,9
2023-05-02T10:00,419.0,21,10
2023-05-02T11:00,606.0,13,11
2023-05-02T12:00,757.0,0,12
2023-05-02T13:00,864.0,0,13
2023-05-02T14:00,887.0,6,14
2023-05-02T15:00,875.0,0,15
2023-05-02T16:00,789.0,0,16
2023-05-02T17:00,683.0,0,17
2023-05-02T18:00,528.0,0,18
2023-05-02T19:00,345.0,0,19
2023-05-02T20:00,160.0,0,20
2023-05-02T21:00,25.0,0,21
2023-05-02T22:00,0.0,0,22
2023-05-02T23:00,0.0,0,23
2023-05-03T00:00,0.0,0,0
2023-05-03T01:00,0.0,0,1
2023-05-03T02:00,0.0,0,2
2023-05-03T03:00,0.0,0,3
2023-05-03T04:00,0.0,0,4
2023-05-03T05:00,0.0,21,5
2023-05-03T06:00,0.0,70,6
2023-05-03T07:00,1.0,94,7
2023-05-03T08:00,68.0,36,8
2023-05-03T09:00,236.0,34,9
2023-05-03T10:00,429.0,19,10
2023-05-03T11:00,613.0,0,11
2023-05-03T12:00,761.0,29,12
2023-05-03T13:00,860.0,83,13
2023-05-03T14:00,899.0,71,14
2023-05-03T15:00,886.0,100,15
2023-05-03T16:00,796.0,99,16
2023-05-03T17:00,657.0,98,17
2023-05-03T18:00,500.0,94,18
2023-05-03T19:00,338.0,91,19
2023-05-03T20:00,160.0,100,20
2023-05-03T21:00,26.0,100,21
2023-05-03T22:00,0.0,100,22
2023-05-03T23:00,0.0,100,23
2023-05-04T00:00,0.0,100,0
2023-05-04T01:00,0.0,100,1
2023-05-04T02:00,0.0,100,2
2023-05-04T03:00,0.0,86,3
2023-05-04T04:00,0.0,100,4
2023-05-04T05:00,0.0,78,5
2023-05-04T06:00,0.0,0,6
2023-05-04T07:00,1.0,0,7
2023-05-04T08:00,71.0,0,8
2023-05-04T09:00,235.0,1,9
2023-05-04T10:00,423.0,70,10
2023-05-04T11:00,593.0,54,11
2023-05-04T12:00,740.0,99,12
2023-05-04T13:00,802.0,100,13
2023-05-04T14:00,860.0,98,14
2023-05-04T15:00,791.0,100,15
2023-05-04T16:00,698.0,99,16
2023-05-04T17:00,606.0,65,17
2023-05-04T18:00,526.0,76,18
2023-05-04T19:00,334.0,49,19
2023-05-04T20:00,163.0,99,20
2023-05-04T21:00,25.0,40,21
2023-05-04T22:00,0.0,0,22
2023-05-04T23:00,0.0,1,23
2023-05-05T00:00,0.0,0,0
2023-05-05T01:00,0.0,0,1
2023-05-05T02:00,0.0,20,2
2023-05-05T03:00,0.0,26,3
2023-05-05T04:00,0.0,39,4
2023-05-05T05:00,0.0,53,5
2023-05-05T06:00,0.0,42,6
2023-05-05T07:00,1.0,50,7
2023-05-05T08:00,67.0,31,8
2023-05-05T09:00,229.0,32,9
2023-05-05T10:00,419.0,88,10
2023-05-05T11:00,593.0,94,11
2023-05-05T12:00,735.0,99,12
2023-05-05T13:00,812.0,99,13
2023-05-05T14:00,874.0,94,14
2023-05-05T15:00,847.0,94,15
2023-05-05T16:00,821.0,18,16
2023-05-05T17:00,688.0,79,17
2023-05-05T18:00,518.0,100,18
2023-05-05T19:00,345.0,100,19
2023-05-05T20:00,157.0,100,20
2023-05-05T21:00,27.0,70,21
2023-05-05T22:00,0.0,100,22
2023-05-05T23:00,0.0,100,23
2023-05-06T00:00,0.0,92,0
2023-05-06T01:00,0.0,83,1
2023-05-06T02:00,0.0,84,2
2023-05-06T03:00,0.0,100,3
2023-05-06T04:00,0.0,100,4
2023-05-06T05:00,0.0,100,5
2023-05-06T06:00,0.0,100,6
2023-05-06T07:00,1.0,90,7
2023-05-06T08:00,71.0,56,8
2023-05-06T09:00,238.0,99,9
2023-05-06T10:00,424.0,91,10
2023-05-06T11:00,600.0,95,11
2023-05-06T12:00,749.0,87,12
2023-05-06T13:00,837.0,53,13
2023-05-06T14:00,889.0,94,14
2023-05-06T15:00,850.0,100,15
2023-05-06T16:00,731.0,100,16
2023-05-06T17:00,648.0,100,17
2023-05-06T18:00,495.0,78,18
2023-05-06T19:00,330.0,90,19
2023-05-06T20:00,160.0,24,20
2023-05-06T21:00,29.0,29,21
2023-05-06T22:00,0.0,44,22
2023-05-06T23:00,0.0,89,23
2023-05-07T00:00,0.0,65,0
2023-05-07T01:00,0.0,89,1
2023-05-07T02:00,0.0,100,2
2023-05-07T03:00,0.0,35,3
2023-05-07T04:00,0.0,50,4
2023-05-07T05:00,0.0,40,5
2023-05-07T06:00,0.0,66,6
2023-05-07T07:00,2.0,75,7
2023-05-07T08:00,69.0,84,8
2023-05-07T09:00,222.0,100,9
2023-05-07T10:00,401.0,100,10
2023-05-07T11:00,568.0,98,11
2023-05-07T12:00,713.0,79,12
2023-05-07T13:00,837.0,85,13
2023-05-07T14:00,747.0,79,14
2023-05-07T15:00,745.0,99,15
2023-05-07T16:00,545.0,96,16
2023-05-07T17:00,464.0,100,17
2023-05-07T18:00,423.0,100,18
2023-05-07T19:00,268.0,100,19
2023-05-07T20:00,133.0,69,20
2023-05-07T21:00,26.0,95,21
2023-05-07T22:00,0.0,97,22
2023-05-07T23:00,0.0,10,23
2023-05-08T00:00,0.0,14,0
2023-05-08T01:00,0.0,9,1
2023-05-08T02:00,0.0,7,2
2023-05-08T03:00,0.0,14,3
2023-05-08T04:00,0.0,17,4
2023-05-08T05:00,0.0,18,5
2023-05-08T06:00,0.0,8,6
2023-05-08T07:00,2.0,12,7
2023-05-08T08:00,77.0,4,8
2023-05-08T09:00,242.0,0,9
2023-05-08T10:00,430.0,0,10
2023-05-08T11:00,606.0,0,11
2023-05-08T12:00,751.0,0,12
2023-05-08T13:00,833.0,37,13
2023-05-08T14:00,829.0,100,14
2023-05-08T15:00,813.0,100,15
2023-05-08T16:00,683.0,100,16
2023-05-08T17:00,466.0,100,17
2023-05-08T18:00,234.0,97,18
2023-05-08T19:00,332.0,84,19
2023-05-08T20:00,158.0,99,20
2023-05-08T21:00,29.0,98,21
2023-05-08T22:00,0.0,100,22
2023-05-08T23:00,0.0,100,23
2023-05-09T00:00,0.0,100,0
2023-05-09T01:00,0.0,100,1
2023-05-09T02:00,0.0,100,2
2023-05-09T03:00,0.0,95,3
2023-05-09T04:00,0.0,97,4
2023-05-09T05:00,0.0,100,5
2023-05-09T06:00,0.0,100,6
2023-05-09T07:00,2.0,100,7
2023-05-09T08:00,69.0,100,8
2023-05-09T09:00,221.0,100,9
2023-05-09T10:00,388.0,100,10
2023-05-09T11:00,525.0,100,11
2023-05-09T12:00,690.0,100,12
2023-05-09T13:00,826.0,100,13
2023-05-09T14:00,669.0,99,14
2023-05-09T15:00,654.0,94,15
2023-05-09T16:00,427.0,97,16
2023-05-09T17:00,407.0,77,17
2023-05-09T18:00,435.0,84,18
2023-05-09T19:00,185.0,82,19
2023-05-09T20:00,81.0,91,20
2023-05-09T21:00,8.0,5,21
2023-05-09T22:00,0.0,85,22
2023-05-09T23:00,0.0,71,23
2023-05-10T00:00,0.0,34,0
2023-05-10T01:00,0.0,0,1
2023-05-10T02:00,0.0,0,2
2023-05-10T03:00,0.0,20,3
2023-05-10T04:00,0.0,42,4
2023-05-10T05:00,0.0,37,5
2023-05-10T06:00,0.0,87,6
2023-05-10T07:00,2.0,95,7
2023-05-10T08:00,58.0,64,8
2023-05-10T09:00,172.0,60,9
2023-05-10T10:00,357.0,22,10
2023-05-10T11:00,535.0,31,11
2023-05-10T12:00,590.0,82,12
2023-05-10T13:00,624.0,100,13
2023-05-10T14:00,521.0,65,14
2023-05-10T15:00,546.0,100,15
2023-05-10T16:00,553.0,46,16
2023-05-10T17:00,348.0,61,17
2023-05-10T18:00,322.0,33,18
2023-05-10T19:00,276.0,31,19
2023-05-10T20:00,156.0,11,20
2023-05-10T21:00,35.0,1,21
2023-05-10T22:00,0.0,1,22
2023-05-10T23:00,0.0,4,23
2023-05-11T00:00,0.0,23,0
2023-05-11T01:00,0.0,50,1
2023-05-11T02:00,0.0,100,2
2023-05-11T03:00,0.0,58,3
2023-05-11T04:00,0.0,52,4
2023-05-11T05:00,0.0,24,5
2023-05-11T06:00,0.0,22,6
2023-05-11T07:00,2.0,33,7
2023-05-11T08:00,59.0,47,8
2023-05-11T09:00,154.0,100,9
2023-05-11T10:00,263.0,100,10
2023-05-11T11:00,365.0,61,11
2023-05-11T12:00,374.0,67,12
2023-05-11T13:00,340.0,66,13
2023-05-11T14:00,430.0,65,14
2023-05-11T15:00,690.0,45,15
2023-05-11T16:00,602.0,39,16
2023-05-11T17:00,534.0,30,17
2023-05-11T18:00,454.0,28,18
2023-05-11T19:00,289.0,9,19
2023-05-11T20:00,177.0,31,20
2023-05-11T21:00,34.0,25,21
2023-05-11T22:00,0.0,72,22
2023-05-11T23:00,0.0,100,23
2023-05-12T00:00,0.0,46,0
2023-05-12T01:00,0.0,72,1
2023-05-12T02:00,0.0,11,2
2023-05-12T03:00,0.0,50,3
2023-05-12T04:00,0.0,65,4
2023-05-12T05:00,0.0,87,5
2023-05-12T06:00,0.0,92,6
2023-05-12T07:00,2.0,100,7
2023-05-12T08:00,48.0,73,8
2023-05-12T09:00,163.0,48,9
2023-05-12T10:00,300.0,97,10
2023-05-12T11:00,388.0,30,11
2023-05-12T12:00,707.0,37,12
2023-05-12T13:00,720.0,59,13
2023-05-12T14:00,528.0,93,14
2023-05-12T15:00,400.0,62,15
2023-05-12T16:00,603.0,92,16
2023-05-12T17:00,563.0,83,17
2023-05-12T18:00,345.0,96,18
2023-05-12T19:00,267.0,98,19
2023-05-12T20:00,114.0,92,20
2023-05-12T21:00,30.0,73,21
2023-05-12T22:00,0.0,74,22
2023-05-12T23:00,0.0,100,23
2023-05-13T00:00,0.0,100,0
2023-05-13T01:00,0.0,100,1
2023-05-13T02:00,0.0,1,2
2023-05-13T03:00,0.0,100,3
2023-05-13T04:00,0.0,100,4
2023-05-13T05:00,0.0,57,5
2023-05-13T06:00,0.0,60,6
2023-05-13T07:00,4.0,69,7
2023-05-13T08:00,62.0,88,8
2023-05-13T09:00,201.0,45,9
2023-05-13T10:00,400.0,100,10
2023-05-13T11:00,558.0,98,11
2023-05-13T12:00,739.0,97,12
2023-05-13T13:00,573.0,100,13
2023-05-13T14:00,289.0,100,14
2023-05-13T15:00,583.0,49,15
2023-05-13T16:00,693.0,32,16
2023-05-13T17:00,485.0,87,17
2023-05-13T18:00,340.0,70,18
2023-05-13T19:00,308.0,87,19
2023-05-13T20:00,131.0,88,20
2023-05-13T21:00,31.0,42,21
2023-05-13T22:00,0.0,100,22
2023-05-13T23:00,0.0,98,23
2023-05-14T00:00,0.0,100,0
2023-05-14T01:00,0.0,10,1
2023-05-14T02:00,0.0,3,2
2023-05-14T03:00,0.0,35,3
2023-05-14T04:00,0.0,99,4
2023-05-14T05:00,0.0,24,5
2023-05-14T06:00,0.0,100,6
2023-05-14T07:00,4.0,96,7
2023-05-14T08:00,89.0,13,8
2023-05-14T09:00,255.0,1,9
2023-05-14T10:00,444.0,9,10
2023-05-14T11:00,621.0,18,11
2023-05-14T12:00,760.0,11,12
2023-05-14T13:00,824.0,25,13
2023-05-14T14:00,860.0,79,14
2023-05-14T15:00,584.0,100,15
2023-05-14T16:00,381.0,4,16
2023-05-14T17:00,714.0,2,17
2023-05-14T18:00,565.0,8,18
2023-05-14T19:00,349.0,41,19
2023-05-14T20:00,160.0,50,20
2023-05-14T21:00,37.0,11,21
2023-05-14T22:00,0.0,0,22
2023-05-14T23:00,0.0,2,23
2023-05-15T00:00,0.0,3,0
2023-05-15T01:00,0.0,2,1
2023-05-15T02:00,0.0,0,2
2023-05-15T03:00,0.0,9,3
2023-05-15T04:00,0.0,27,4
2023-05-15T05:00,0.0,22,5
2023-05-15T06:00,0.0,7,6
2023-05-15T07:00,5.0,11,7
2023-05-15T08:00,94.0,44,8
2023-05-15T09:00,255.0,43,9
2023-05-15T10:00,432.0,47,10
2023-05-15T11:00,618.0,25,11
2023-05-15T12:00,742.0,65,12
2023-05-15T13:00,795.0,63,13
2023-05-15T14:00,775.0,63,14
2023-05-15T15:00,711.0,46,15
2023-05-15T16:00,678.0,77,16
2023-05-15T17:00,615.0,68,17
2023-05-15T18:00,484.0,45,18
2023-05-15T19:00,296.0,69,19
2023-05-15T20:00,146.0,100,20
2023-05-15T21:00,26.0,66,21
2023-05-15T22:00,0.0,4,22
2023-05-15T23:00,0.0,9,23
2023-05-16T00:00,0.0,2,0
2023-05-16T01:00,0.0,17,1
2023-05-16T02:00,0.0,67,2
2023-05-16T03:00,0.0,31,3
2023-05-16T04:00,0.0,100,4
2023-05-16T05:00,0.0,100,5
2023-05-16T06:00,0.0,81,6
2023-05-16T07:00,5.0,100,7
2023-05-16T08:00,72.0,99,8
2023-05-16T09:00,155.0,100,9
2023-05-16T10:00,292.0,100,10
2023-05-16T11:00,519.0,100,11
2023-05-16T12:00,683.0,100,12
2023-05-16T13:00,815.0,83,13
2023-05-16T14:00,875.0,89,14
2023-05-16T15:00,732.0,47,15
2023-05-16T16:00,745.0,60,16
2023-05-16T17:00,416.0,77,17
2023-05-16T18:00,505.0,15,18
2023-05-16T19:00,353.0,7,19
2023-05-16T20:00,170.0,0,20
2023-05-16T21:00,43.0,0,21
2023-05-16T22:00,0.0,1,22
2023-05-16T23:00,0.0,1,23
2023-05-17T00:00,0.0,0,0
2023-05-17T01:00,0.0,0,1
2023-05-17T02:00,0.0,0,2
2023-05-17T03:00,0.0,29,3
2023-05-17T04:00,0.0,11,4
2023-05-17T05:00,0.0,16,5
2023-05-17T06:00,0.0,22,6
2023-05-17T07:00,6.0,38,7
2023-05-17T08:00,97.0,9,8
2023-05-17T09:00,267.0,9,9
2023-05-17T10:00,459.0,0,10
2023-05-17T11:00,637.0,0,11
2023-05-17T12:00,786.0,0,12
2023-05-17T13:00,890.0,0,13
2023-05-17T14:00,931.0,14,14
2023-05-17T15:00,926.0,6,15
2023-05-17T16:00,778.0,22,16
2023-05-17T17:00,711.0,9,17
2023-05-17T18:00,571.0,6,18
2023-05-17T19:00,382.0,42,19
2023-05-17T20:00,190.0,86,20
2023-05-17T21:00,44.0,91,21
2023-05-17T22:00,0.0,83,22
2023-05-17T23:00,0.0,81,23
2023-05-18T00:00,0.0,13,0
2023-05-18T01:00,0.0,0,1
2023-05-18T02:00,0.0,3,2
2023-05-18T03:00,0.0,20,3
2023-05-18T04:00,0.0,20,4
2023-05-18T05:00,0.0,13,5
2023-05-18T06:00,0.0,5,6
2023-05-18T07:00,6.0,0,7
2023-05-18T08:00,100.0,0,8
2023-05-18T09:00,271.0,14,9
2023-05-18T10:00,448.0,100,10
2023-05-18T11:00,580.0,100,11
2023-05-18T12:00,678.0,100,12
2023-05-18T13:00,555.0,100,13
2023-05-18T14:00,694.0,100,14
2023-05-18T15:00,609.0,90,15
2023-05-18T16:00,589.0,99,16
2023-05-18T17:00,503.0,99,17
2023-05-18T18:00,448.0,98,18
2023-05-18T19:00,274.0,98,19
2023-05-18T20:00,152.0,100,20
2023-05-18T21:00,26.0,100,21
2023-05-18T22:00,0.0,100,22
2023-05-18T23:00,0.0,87,23
2023-05-19T00:00,0.0,100,0
2023-05-19T01:00,0.0,100,1
2023-05-19T02:00,0.0,83,2
2023-05-19T03:00,0.0,73,3
2023-05-19T04:00,0.0,44,4
2023-05-19T05:00,0.0,8,5
2023-05-19T06:00,0.0,10,6
2023-05-19T07:00,7.0,10,7
2023-05-19T08:00,100.0,16,8
2023-05-19T09:00,260.0,13,9
2023-05-19T10:00,445.0,11,10
2023-05-19T11:00,627.0,27,11
2023-05-19T12:00,765.0,8,12
2023-05-19T13:00,843.0,39,13
2023-05-19T14:00,877.0,71,14
2023-05-19T15:00,368.0,91,15
2023-05-19T16:00,654.0,64,16
2023-05-19T17:00,644.0,42,17
2023-05-19T18:00,484.0,99,18
2023-05-19T19:00,200.0,68,19
2023-05-19T20:00,115.0,95,20
2023-05-19T21:00,27.0,68,21
2023-05-19T22:00,0.0,71,22
2023-05-19T23:00,0.0,77,23
2023-05-20T00:00,0.0,41,0
2023-05-20T01:00,0.0,76,1
2023-05-20T02:00,0.0,45,2
2023-05-20T03:00,0.0,44,3
2023-05-20T04:00,0.0,38,4
2023-05-20T05:00,0.0,63,5
2023-05-20T06:00,0.0,89,6
2023-05-20T07:00,7.0,48,7
2023-05-20T08:00,99.0,20,8
2023-05-20T09:00,276.0,32,9
2023-05-20T10:00,452.0,84,10
2023-05-20T11:00,607.0,95,11
2023-05-20T12:00,739.0,98,12
2023-05-20T13:00,826.0,100,13
2023-05-20T14:00,757.0,100,14
2023-05-20T15:00,745.0,100,15
2023-05-20T16:00,682.0,100,16
2023-05-20T17:00,553.0,100,17
2023-05-20T18:00,423.0,100,18
2023-05-20T19:00,231.0,100,19
2023-05-20T20:00,124.0,100,20
2023-05-20T21:00,32.0,100,21
2023-05-20T22:00,0.0,100,22
2023-05-20T23:00,0.0,100,23
2023-05-21T00:00,0.0,100,0
2023-05-21T01:00,0.0,100,1
2023-05-21T02:00,0.0,100,2
2023-05-21T03:00,0.0,100,3
2023-05-21T04:00,0.0,100,4
2023-05-21T05:00,0.0,100,5
2023-05-21T06:00,0.0,100,6
2023-05-21T07:00,7.0,100,7
2023-05-21T08:00,94.0,50,8
2023-05-21T09:00,244.0,91,9
2023-05-21T10:00,422.0,98,10
2023-05-21T11:00,539.0,100,11
2023-05-21T12:00,519.0,100,12
2023-05-21T13:00,490.0,100,13
2023-05-21T14:00,472.0,100,14
2023-05-21T15:00,504.0,100,15
2023-05-21T16:00,293.0,100,16
2023-05-21T17:00,244.0,100,17
2023-05-21T18:00,305.0,100,18
2023-05-21T19:00,284.0,100,19
2023-05-21T20:00,125.0,100,20
2023-05-21T21:00,33.0,100,21
2023-05-21T22:00,0.0,100,22
2023-05-21T23:00,0.0,100,23
2023-05-22T00:00,0.0,100,0
2023-05-22T01:00,0.0,99,1
2023-05-22T02:00,0.0,87,2
2023-05-22T03:00,0.0,99,3
2023-05-22T04:00,0.0,100,4
2023-05-22T05:00,0.0,100,5
2023-05-22T06:00,0.0,70,6
2023-05-22T07:00,4.0,68,7
2023-05-22T08:00,75.0,53,8
2023-05-22T09:00,202.0,45,9
2023-05-22T10:00,352.0,59,10
2023-05-22T11:00,573.0,75,11
2023-05-22T12:00,473.0,59,12
2023-05-22T13:00,479.0,100,13
2023-05-22T14:00,825.0,100,14
2023-05-22T15:00,407.0,100,15
2023-05-22T16:00,687.0,99,16
2023-05-22T17:00,615.0,83,17
2023-05-22T18:00,368.0,44,18
2023-05-22T19:00,252.0,65,19
2023-05-22T20:00,185.0,30,20
2023-05-22T21:00,48.0,4,21
2023-05-22T22:00,0.0,10,22
2023-05-22T23:00,0.0,9,23
2023-05-23T00:00,0.0,8,0
2023-05-23T01:00,0.0,6,1
2023-05-23T02:00,0.0,7,2
2023-05-23T03:00,0.0,41,3
2023-05-23T04:00,0.0,45,4
2023-05-23T05:00,0.0,62,5
2023-05-23T06:00,0.0,50,6
2023-05-23T07:00,8.0,35,7
2023-05-23T08:00,100.0,62,8
2023-05-23T09:00,228.0,80,9
2023-05-23T10:00,327.0,59,10
2023-05-23T11:00,457.0,56,11
2023-05-23T12:00,641.0,2,12
2023-05-23T13:00,835.0,41,13
2023-05-23T14:00,819.0,13,14
2023-05-23T15:00,771.0,6,15
2023-05-23T16:00,669.0,1,16
2023-05-23T17:00,691.0,4,17
2023-05-23T18:00,517.0,16,18
2023-05-23T19:00,255.0,32,19
2023-05-23T20:00,192.0,19,20
2023-05-23T21:00,54.0,3,21
2023-05-23T22:00,0.0,6,22
2023-05-23T23:00,0.0,0,23
2023-05-24T00:00,0.0,0,0
2023-05-24T01:00,0.0,1,1
2023-05-24T02:00,0.0,3,2
2023-05-24T03:00,0.0,40,3
2023-05-24T04:00,0.0,93,4
2023-05-24T05:00,0.0,79,5
2023-05-24T06:00,0.0,81,6
2023-05-24T07:00,8.0,23,7
2023-05-24T08:00,99.0,58,8
2023-05-24T09:00,259.0,2,9
2023-05-24T10:00,450.0,2,10
2023-05-24T11:00,622.0,5,11
2023-05-24T12:00,758.0,62,12
2023-05-24T13:00,769.0,76,13
2023-05-24T14:00,808.0,61,14
2023-05-24T15:00,834.0,93,15
2023-05-24T16:00,498.0,83,16
2023-05-24T17:00,484.0,41,17
2023-05-24T18:00,517.0,92,18
2023-05-24T19:00,307.0,35,19
2023-05-24T20:00,190.0,7,20
2023-05-24T21:00,53.0,7,21
2023-05-24T22:00,0.0,5,22
2023-05-24T23:00,0.0,1,23
2023-05-25T00:00,0.0,61,0
2023-05-25T01:00,0.0,100,1
2023-05-25T02:00,0.0,100,2
2023-05-25T03:00,0.0,100,3
2023-05-25T04:00,0.0,100,4
2023-05-25T05:00,0.0,100,5
2023-05-25T06:00,0.0,100,6
2023-05-25T07:00,4.0,100,7
2023-05-25T08:00,49.0,100,8
2023-05-25T09:00,79.0,100,9
2023-05-25T10:00,199.0,95,10
2023-05-25T11:00,507.0,100,11
2023-05-25T12:00,439.0,100,12
2023-05-25T13:00,389.0,100,13
2023-05-25T14:00,308.0,100,14
2023-05-25T15:00,51.0,100,15
2023-05-25T16:00,45.0,100,16
2023-05-25T17:00,49.0,100,17
2023-05-25T18:00,60.0,100,18
2023-05-25T19:00,132.0,100,19
2023-05-25T20:00,108.0,100,20
2023-05-25T21:00,23.0,100,21
2023-05-25T22:00,0.0,89,22
2023-05-25T23:00,0.0,92,23
2023-05-26T00:00,0.0,93,0
2023-05-26T01:00,0.0,100,1
2023-05-26T02:00,0.0,94,2
2023-05-26T03:00,0.0,49,3
2023-05-26T04:00,0.0,90,4
2023-05-26T05:00,0.0,62,5
2023-05-26T06:00,0.0,35,6
2023-05-26T07:00,9.0,12,7
2023-05-26T08:00,105.0,3,8
2023-05-26T09:00,269.0,3,9
2023-05-26T10:00,450.0,1,10
2023-05-26T11:00,623.0,0,11
2023-05-26T12:00,764.0,0,12
2023-05-26T13:00,842.0,1,13
2023-05-26T14:00,871.0,2,14
2023-05-26T15:00,824.0,23,15
2023-05-26T16:00,813.0,43,16
2023-05-26T17:00,702.0,25,17
2023-05-26T18:00,544.0,47,18
2023-05-26T19:00,367.0,52,19
2023-05-26T20:00,204.0,41,20
2023-05-26T21:00,58.0,53,21
2023-05-26T22:00,1.0,70,22
2023-05-26T23:00,0.0,26,23
2023-05-27T00:00,0.0,10,0
2023-05-27T01:00,0.0,1,1
2023-05-27T02:00,0.0,0,2
2023-05-27T03:00,0.0,0,3
2023-05-27T04:00,0.0,6,4
2023-05-27T05:00,0.0,89,5
2023-05-27T06:00,0.0,100,6
2023-05-27T07:00,10.0,100,7
2023-05-27T08:00,107.0,81,8
2023-05-27T09:00,271.0,18,9
2023-05-27T10:00,463.0,27,10
2023-05-27T11:00,634.0,14,11
2023-05-27T12:00,775.0,0,12
2023-05-27T13:00,872.0,37,13
2023-05-27T14:00,920.0,52,14
2023-05-27T15:00,906.0,9,15
2023-05-27T16:00,762.0,16,16
2023-05-27T17:00,712.0,34,17
2023-05-27T18:00,563.0,83,18
2023-05-27T19:00,390.0,100,19
2023-05-27T20:00,195.0,100,20
2023-05-27T21:00,53.0,100,21
2023-05-27T22:00,1.0,100,22
2023-05-27T23:00,0.0,100,23
2023-05-28T00:00,0.0,95,0
2023-05-28T01:00,0.0,78,1
2023-05-28T02:00,0.0,91,2
2023-05-28T03:00,0.0,93,3
2023-05-28T04:00,0.0,72,4
2023-05-28T05:00,0.0,52,5
2023-05-28T06:00,0.0,93,6
2023-05-28T07:00,11.0,44,7
2023-05-28T08:00,112.0,100,8
2023-05-28T09:00,265.0,100,9
2023-05-28T10:00,454.0,100,10
2023-05-28T11:00,632.0,42,11
2023-05-28T12:00,786.0,99,12
2023-05-28T13:00,852.0,99,13
2023-05-28T14:00,890.0,100,14
2023-05-28T15:00,902.0,47,15
2023-05-28T16:00,840.0,78,16
2023-05-28T17:00,731.0,90,17
2023-05-28T18:00,557.0,0,18
2023-05-28T19:00,399.0,1,19
2023-05-28T20:00,217.0,29,20
2023-05-28T21:00,63.0,90,21
2023-05-28T22:00,1.0,88,22
2023-05-28T23:00,0.0,97,23
2023-05-29T00:00,0.0,97,0
2023-05-29T01:00,0.0,100,1
2023-05-29T02:00,0.0,100,2
2023-05-29T03:00,0.0,100,3
2023-05-29T04:00,0.0,100,4
2023-05-29T05:00,0.0,100,5
2023-05-29T06:00,0.0,100,6
2023-05-29T07:00,10.0,0,7
2023-05-29T08:00,113.0,45,8
2023-05-29T09:00,283.0,16,9
2023-05-29T10:00,469.0,13,10
2023-05-29T11:00,641.0,56,11
2023-05-29T12:00,775.0,23,12
2023-05-29T13:00,875.0,73,13
2023-05-29T14:00,885.0,21,14
2023-05-29T15:00,838.0,27,15
2023-05-29T16:00,806.0,29,16
2023-05-29T17:00,730.0,3,17
2023-05-29T18:00,551.0,0,18
2023-05-29T19:00,364.0,25,19
2023-05-29T20:00,211.0,7,20
2023-05-29T21:00,63.0,18,21
2023-05-29T22:00,1.0,4,22
2023-05-29T23:00,0.0,0,23
2023-05-30T00:00,0.0,12,0
2023-05-30T01:00,0.0,8,1
2023-05-30T02:00,0.0,14,2
2023-05-30T03:00,0.0,43,3
2023-05-30T04:00,0.0,37,4
2023-05-30T05:00,0.0,0,5
2023-05-30T06:00,0.0,6,6
2023-05-30T07:00,11.0,1,7
2023-05-30T08:00,113.0,2,8
2023-05-30T09:00,280.0,5,9
2023-05-30T10:00,459.0,19,10
2023-05-30T11:00,632.0,10,11
2023-05-30T12:00,772.0,11,12
2023-05-30T13:00,869.0,81,13
2023-05-30T14:00,914.0,29,14
2023-05-30T15:00,880.0,21,15
2023-05-30T16:00,779.0,47,16
2023-05-30T17:00,569.0,81,17
2023-05-30T18:00,472.0,100,18
2023-05-30T19:00,319.0,98,19
2023-05-30T20:00,169.0,100,20
2023-05-30T21:00,52.0,71,21
2023-05-30T22:00,1.0,35,22
2023-05-30T23:00,0.0,2,23
2023-05-31T00:00,0.0,0,0
2023-05-31T01:00,0.0,68,1
2023-05-31T02:00,0.0,94,2
2023-05-31T03:00,0.0,75,3
2023-05-31T04:00,0.0,36,4
2023-05-31T05:00,0.0,95,5
2023-05-31T06:00,0.0,100,6
2023-05-31T07:00,11.0,100,7
2023-05-31T08:00,79.0,100,8
2023-05-31T09:00,188.0,100,9
2023-05-31T10:00,369.0,100,10
2023-05-31T11:00,535.0,100,11
2023-05-31T12:00,418.0,100,12
2023-05-31T13:00,425.0,100,13
2023-05-31T14:00,558.0,100,14
2023-05-31T15:00,538.0,96,15
2023-05-31T16:00,532.0,89,16
2023-05-31T17:00,510.0,100,17
2023-05-31T18:00,347.0,100,18
2023-05-31T19:00,220.0,100,19
2023-05-31T20:00,101.0,100,20
2023-05-31T21:00,41.0,100,21
2023-05-31T22:00,1.0,100,22
2023-05-31T23:00,0.0,100,23
2023-06-01T00:00,0.0,100,0
2023-06-01T01:00,0.0,100,1
2023-06-01T02:00,0.0,89,2
2023-06-01T03:00,0.0,100,3
2023-06-01T04:00,0.0,99,4
2023-06-01T05:00,0.0,100,5
2023-06-01T06:00,0.0,100,6
2023-06-01T07:00,8.0,100,7
2023-06-01T08:00,66.0,100,8
2023-06-01T09:00,179.0,99,9
2023-06-01T10:00,435.0,99,10
2023-06-01T11:00,568.0,96,11
2023-06-01T12:00,744.0,100,12
2023-06-01T13:00,838.0,100,13
2023-06-01T14:00,794.0,93,14
2023-06-01T15:00,800.0,100,15
2023-06-01T16:00,337.0,100,16
2023-06-01T17:00,200.0,100,17
2023-06-01T18:00,263.0,100,18
2023-06-01T19:00,228.0,100,19
2023-06-01T20:00,151.0,100,20
2023-06-01T21:00,46.0,100,21
2023-06-01T22:00,1.0,100,22
2023-06-01T23:00,0.0,100,23
2023-06-02T00:00,0.0,100,0
2023-06-02T01:00,0.0,0,1
2023-06-02T02:00,0.0,37,2
2023-06-02T03:00,0.0,24,3
2023-06-02T04:00,0.0,3,4
2023-06-02T05:00,0.0,1,5
2023-06-02T06:00,0.0,0,6
2023-06-02T07:00,12.0,5,7
2023-06-02T08:00,114.0,2,8
2023-06-02T09:00,279.0,0,9
2023-06-02T10:00,464.0,8,10
2023-06-02T11:00,604.0,60,11
2023-06-02T12:00,730.0,35,12
2023-06-02T13:00,814.0,15,13
2023-06-02T14:00,880.0,34,14
2023-06-02T15:00,451.0,99,15
2023-06-02T16:00,588.0,69,16
2023-06-02T17:00,626.0,60,17
2023-06-02T18:00,494.0,88,18
2023-06-02T19:00,300.0,46,19
2023-06-02T20:00,165.0,69,20
2023-06-02T21:00,57.0,13,21
2023-06-02T22:00,2.0,11,22
2023-06-02T23:00,0.0,17,23
2023-06-03T00:00,0.0,14,0
2023-06-03T01:00,0.0,5,1
2023-06-03T02:00,0.0,2,2
2023-06-03T03:00,0.0,41,3
2023-06-03T04:00,0.0,6,4
2023-06-03T05:00,0.0,17,5
2023-06-03T06:00,0.0,23,6
2023-06-03T07:00,13.0,71,7
2023-06-03T08:00,87.0,58,8
2023-06-03T09:00,161.0,82,9
2023-06-03T10:00,426.0,5,10
2023-06-03T11:00,638.0,24,11
2023-06-03T12:00,691.0,91,12
2023-06-03T13:00,683.0,99,13
2023-06-03T14:00,457.0,100,14
2023-06-03T15:00,432.0,100,15
2023-06-03T16:00,661.0,100,16
2023-06-03T17:00,502.0,100,17
2023-06-03T18:00,352.0,100,18
2023-06-03T19:00,188.0,91,19
2023-06-03T20:00,164.0,70,20
2023-06-03T21:00,61.0,51,21
2023-06-03T22:00,2.0,10,22
2023-06-03T23:00,0.0,19,23
2023-06-04T00:00,0.0,5,0
2023-06-04T01:00,0.0,7,1
2023-06-04T02:00,0.0,40,2
2023-06-04T03:00,0.0,91,3
2023-06-04T04:00,0.0,88,4
2023-06-04T05:00,0.0,100,5
2023-06-04T06:00,0.0,97,6
2023-06-04T07:00,7.0,57,7
2023-06-04T08:00,106.0,13,8
2023-06-04T09:00,271.0,13,9
2023-06-04T10:00,461.0,1,10
2023-06-04T11:00,629.0,2,11
2023-06-04T12:00,688.0,16,12
2023-06-04T13:00,809.0,44,13
2023-06-04T14:00,872.0,26,14
2023-06-04T15:00,763.0,48,15
2023-06-04T16:00,646.0,81,16
2023-06-04T17:00,581.0,47,17
2023-06-04T18:00,437.0,90,18
2023-06-04T19:00,225.0,77,19
2023-06-04T20:00,169.0,40,20
2023-06-04T21:00,55.0,29,21
2023-06-04T22:00,2.0,13,22
2023-06-04T23:00,0.0,3,23
2023-06-05T00:00,0.0,31,0
2023-06-05T01:00,0.0,20,1
2023-06-05T02:00,0.0,100,2
2023-06-05T03:00,0.0,17,3
2023-06-05T04:00,0.0,7,4
2023-06-05T05:00,0.0,100,5
2023-06-05T06:00,0.0,100,6
2023-06-05T07:00,12.0,100,7
2023-06-05T08:00,108.0,16,8
2023-06-05T09:00,273.0,4,9
2023-06-05T10:00,454.0,6,10
2023-06-05T11:00,621.0,13,11
2023-06-05T12:00,767.0,38,12
2023-06-05T13:00,840.0,46,13
2023-06-05T14:00,872.0,47,14
2023-06-05T15:00,669.0,76,15
2023-06-05T16:00,707.0,48,16
2023-06-05T17:00,656.0,50,17
2023-06-05T18:00,510.0,100,18
2023-06-05T19:00,303.0,100,19
2023-06-05T20:00,131.0,89,20
2023-06-05T21:00,55.0,94,21
2023-06-05T22:00,2.0,75,22
2023-06-05T23:00,0.0,29,23
2023-06-06T00:00,0.0,100,0
2023-06-06T01:00,0.0,97,1
2023-06-06T02:00,0.0,44,2
2023-06-06T03:00,0.0,18,3
2023-06-06T04:00,0.0,7,4
2023-06-06T05:00,0.0,17,5
2023-06-06T06:00,0.0,11,6
2023-06-06T07:00,13.0,84,7
2023-06-06T08:00,111.0,100,8
2023-06-06T09:00,259.0,92,9
2023-06-06T10:00,441.0,41,10
2023-06-06T11:00,622.0,8,11
2023-06-06T12:00,769.0,20,12
2023-06-06T13:00,852.0,67,13
2023-06-06T14:00,881.0,94,14
2023-06-06T15:00,824.0,39,15
2023-06-06T16:00,823.0,62,16
2023-06-06T17:00,606.0,91,17
2023-06-06T18:00,491.0,84,18
2023-06-06T19:00,339.0,78,19
2023-06-06T20:00,212.0,32,20
2023-06-06T21:00,69.0,47,21
2023-06-06T22:00,2.0,20,22
2023-06-06T23:00,0.0,95,23
2023-06-07T00:00,0.0,100,0
2023-06-07T01:00,0.0,25,1
2023-06-07T02:00,0.0,2,2
2023-06-07T03:00,0.0,16,3
2023-06-07T04:00,0.0,81,4
2023-06-07T05:00,0.0,100,5
2023-06-07T06:00,0.0,100,6
2023-06-07T07:00,12.0,100,7
2023-06-07T08:00,81.0,100,8
2023-06-07T09:00,190.0,100,9
2023-06-07T10:00,385.0,100,10
2023-06-07T11:00,564.0,100,11
2023-06-07T12:00,686.0,100,12
2023-06-07T13:00,781.0,100,13
2023-06-07T14:00,731.0,100,14
2023-06-07T15:00,382.0,100,15
2023-06-07T16:00,357.0,100,16
2023-06-07T17:00,329.0,100,17
2023-06-07T18:00,268.0,100,18
2023-06-07T19:00,108.0,100,19
2023-06-07T20:00,95.0,100,20
2023-06-07T21:00,38.0,100,21
2023-06-07T22:00,2.0,100,22
2023-06-07T23:00,0.0,100,23
2023-06-08T00:00,0.0,99,0
2023-06-08T01:00,0.0,88,1
2023-06-08T02:00,0.0,76,2
2023-06-08T03:00,0.0,100,3
2023-06-08T04:00,0.0,100,4
2023-06-08T05:00,0.0,99,5
2023-06-08T06:00,0.0,79,6
2023-06-08T07:00,12.0,77,7
2023-06-08T08:00,106.0,6,8
2023-06-08T09:00,253.0,91,9
2023-06-08T10:00,455.0,100,10
2023-06-08T11:00,543.0,95,11
2023-06-08T12:00,737.0,87,12
2023-06-08T13:00,750.0,51,13
2023-06-08T14:00,719.0,97,14
2023-06-08T15:00,751.0,100,15
2023-06-08T16:00,730.0,100,16
2023-06-08T17:00,663.0,100,17
2023-06-08T18:00,422.0,91,18
2023-06-08T19:00,372.0,94,19
2023-06-08T20:00,205.0,100,20
2023-06-08T21:00,67.0,100,21
2023-06-08T22:00,2.0,100,22
2023-06-08T23:00,0.0,100,23
2023-06-09T00:00,0.0,100,0
2023-06-09T01:00,0.0,100,1
2023-06-09T02:00,0.0,100,2
2023-06-09T03:00,0.0,100,3
2023-06-09T04:00,0.0,100,4
2023-06-09T05:00,0.0,100,5
2023-06-09T06:00,0.0,100,6
2023-06-09T07:00,6.0,100,7
2023-06-09T08:00,32.0,99,8
2023-06-09T09:00,113.0,100,9
2023-06-09T10:00,385.0,100,10
2023-06-09T11:00,569.0,100,11
2023-06-09T12:00,590.0,98,12
2023-06-09T13:00,681.0,100,13
2023-06-09T14:00,812.0,80,14
2023-06-09T15:00,807.0,26,15
2023-06-09T16:00,724.0,71,16
2023-06-09T17:00,481.0,53,17
2023-06-09T18:00,499.0,64,18
2023-06-09T19:00,367.0,40,19
2023-06-09T20:00,208.0,17,20
2023-06-09T21:00,73.0,12,21
2023-06-09T22:00,3.0,16,22
2023-06-09T23:00,0.0,3,23
2023-06-10T00:00,0.0,0,0
2023-06-10T01:00,0.0,0,1
2023-06-10T02:00,0.0,0,2
2023-06-10T03:00,0.0,73,3
2023-06-10T04:00,0.0,45,4
2023-06-10T05:00,0.0,61,5
2023-06-10T06:00,0.0,80,6
2023-06-10T07:00,14.0,52,7
2023-06-10T08:00,119.0,10,8
2023-06-10T09:00,285.0,11,9
2023-06-10T10:00,462.0,51,10
2023-06-10T11:00,612.0,100,11
2023-06-10T12:00,721.0,100,12
2023-06-10T13:00,802.0,100,13
2023-06-10T14:00,665.0,100,14
2023-06-10T15:00,407.0,100,15
2023-06-10T16:00,507.0,100,16
2023-06-10T17:00,512.0,60,17
2023-06-10T18:00,534.0,97,18
2023-06-10T19:00,376.0,44,19
2023-06-10T20:00,202.0,41,20
2023-06-10T21:00,70.0,9,21
2023-06-10T22:00,3.0,12,22
2023-06-10T23:00,0.0,8,23
2023-06-11T00:00,0.0,3,0
2023-06-11T01:00,0.0,8,1
2023-06-11T02:00,0.0,100,2
2023-06-11T03:00,0.0,98,3
2023-06-11T04:00,0.0,48,4
2023-06-11T05:00,0.0,96,5
2023-06-11T06:00,0.0,100,6
2023-06-11T07:00,13.0,100,7
2023-06-11T08:00,109.0,100,8
2023-06-11T09:00,231.0,97,9
2023-06-11T10:00,431.0,63,10
2023-06-11T11:00,574.0,99,11
2023-06-11T12:00,474.0,100,12
2023-06-11T13:00,632.0,85,13
2023-06-11T14:00,729.0,63,14
2023-06-11T15:00,563.0,66,15
2023-06-11T16:00,765.0,97,16
2023-06-11T17:00,521.0,100,17
2023-06-11T18:00,440.0,99,18
2023-06-11T19:00,340.0,100,19
2023-06-11T20:00,155.0,100,20
2023-06-11T21:00,50.0,100,21
2023-06-11T22:00,3.0,46,22
2023-06-11T23:00,0.0,98,23
2023-06-12T00:00,0.0,100,0
2023-06-12T01:00,0.0,100,1
2023-06-12T02:00,0.0,100,2
2023-06-12T03:00,0.0,38,3
2023-06-12T04:00,0.0,0,4
2023-06-12T05:00,0.0,0,5
2023-06-12T06:00,0.0,0,6
2023-06-12T07:00,14.0,0,7
2023-06-12T08:00,120.0,15,8
2023-06-12T09:00,287.0,13,9
2023-06-12T10:00,466.0,91,10
2023-06-12T11:00,631.0,30,11
2023-06-12T12:00,744.0,98,12
2023-06-12T13:00,632.0,99,13
2023-06-12T14:00,610.0,32,14
2023-06-12T15:00,816.0,51,15
2023-06-12T16:00,737.0,74,16
2023-06-12T17:00,568.0,97,17
2023-06-12T18:00,421.0,100,18
2023-06-12T19:00,255.0,100,19
2023-06-12T20:00,173.0,100,20
2023-06-12T21:00,54.0,100,21
2023-06-12T22:00,3.0,100,22
2023-06-12T23:00,0.0,99,23
2023-06-13T00:00,0.0,96,0
2023-06-13T01:00,0.0,100,1
2023-06-13T02:00,0.0,44,2
2023-06-13T03:00,0.0,46,3
2023-06-13T04:00,0.0,100,4
2023-06-13T05:00,0.0,100,5
2023-06-13T06:00,0.0,100,6
2023-06-13T07:00,10.0,100,7
2023-06-13T08:00,96.0,66,8
2023-06-13T09:00,265.0,12,9
2023-06-13T10:00,459.0,61,10
2023-06-13T11:00,586.0,93,11
2023-06-13T12:00,652.0,92,12
2023-06-13T13:00,745.0,100,13
2023-06-13T14:00,528.0,91,14
2023-06-13T15:00,419.0,100,15
2023-06-13T16:00,253.0,100,16
2023-06-13T17:00,379.0,100,17
2023-06-13T18:00,351.0,100,18
2023-06-13T19:00,270.0,99,19
2023-06-13T20:00,190.0,88,20
2023-06-13T21:00,71.0,78,21
2023-06-13T22:00,3.0,20,22
2023-06-13T23:00,0.0,37,23
2023-06-14T00:00,0.0,81,0
2023-06-14T01:00,0.0,93,1
2023-06-14T02:00,0.0,48,2
2023-06-14T03:00,0.0,13,3
2023-06-14T04:00,0.0,41,4
2023-06-14T05:00,0.0,100,5
2023-06-14T06:00,0.0,100,6
2023-06-14T07:00,11.0,40,7
2023-06-14T08:00,106.0,18,8
2023-06-14T09:00,267.0,85,9
2023-06-14T10:00,341.0,100,10
2023-06-14T11:00,421.0,78,11
2023-06-14T12:00,487.0,53,12
2023-06-14T13:00,780.0,27,13
2023-06-14T14:00,880.0,88,14
2023-06-14T15:00,225.0,99,15
2023-06-14T16:00,647.0,52,16
2023-06-14T17:00,654.0,56,17
2023-06-14T18:00,493.0,25,18
2023-06-14T19:00,368.0,21,19
2023-06-14T20:00,205.0,11,20
2023-06-14T21:00,74.0,6,21
2023-06-14T22:00,4.0,20,22
2023-06-14T23:00,0.0,23,23
2023-06-15T00:00,0.0,41,0
2023-06-15T01:00,0.0,59,1
2023-06-15T02:00,0.0,38,2
2023-06-15T03:00,0.0,100,3
2023-06-15T04:00,0.0,94,4
2023-06-15T05:00,0.0,46,5
2023-06-15T06:00,0.0,1,6
2023-06-15T07:00,14.0,70,7
2023-06-15T08:00,118.0,9,8
2023-06-15T09:00,283.0,4,9
2023-06-15T10:00,465.0,7,10
2023-06-15T11:00,624.0,84,11
2023-06-15T12:00,683.0,54,12
2023-06-15T13:00,800.0,42,13
2023-06-15T14:00,831.0,61,14
2023-06-15T15:00,791.0,96,15
2023-06-15T16:00,768.0,88,16
2023-06-15T17:00,722.0,44,17
2023-06-15T18:00,557.0,22,18
2023-06-15T19:00,394.0,14,19
2023-06-15T20:00,226.0,9,20
2023-06-15T21:00,81.0,0,21
2023-06-15T22:00,4.0,3,22
2023-06-15T23:00,0.0,2,23
2023-06-16T00:00,0.0,10,0
2023-06-16T01:00,0.0,64,1
2023-06-16T02:00,0.0,32,2
2023-06-16T03:00,0.0,2,3
2023-06-16T04:00,0.0,0,4
2023-06-16T05:00,0.0,11,5
2023-06-16T06:00,0.0,46,6
2023-06-16T07:00,15.0,35,7
2023-06-16T08:00,121.0,14,8
2023-06-16T09:00,289.0,44,9
2023-06-16T10:00,467.0,73,10
2023-06-16T11:00,633.0,92,11
2023-06-16T12:00,766.0,71,12
2023-06-16T13:00,865.0,69,13
2023-06-16T14:00,915.0,93,14
2023-06-16T15:00,909.0,97,15
2023-06-16T16:00,825.0,95,16
2023-06-16T17:00,647.0,100,17
2023-06-16T18:00,466.0,98,18
2023-06-16T19:00,302.0,84,19
2023-06-16T20:00,223.0,99,20
2023-06-16T21:00,79.0,86,21
2023-06-16T22:00,4.0,84,22
2023-06-16T23:00,0.0,91,23
2023-06-17T00:00,0.0,83,0
2023-06-17T01:00,0.0,76,1
2023-06-17T02:00,0.0,75,2
2023-06-17T03:00,0.0,4,3
2023-06-17T04:00,0.0,12,4
2023-06-17T05:00,0.0,11,5
2023-06-17T06:00,0.0,13,6
2023-06-17T07:00,14.0,8,7
2023-06-17T08:00,121.0,9,8
2023-06-17T09:00,287.0,43,9
2023-06-17T10:00,466.0,56,10
2023-06-17T11:00,630.0,100,11
2023-06-17T12:00,750.0,99,12
2023-06-17T13:00,845.0,99,13
2023-06-17T14:00,897.0,98,14
2023-06-17T15:00,889.0,99,15
2023-06-17T16:00,839.0,32,16
2023-06-17T17:00,715.0,67,17
2023-06-17T18:00,582.0,43,18
2023-06-17T19:00,402.0,95,19
2023-06-17T20:00,203.0,93,20
2023-06-17T21:00,69.0,100,21
2023-06-17T22:00,4.0,100,22
2023-06-17T23:00,0.0,100,23
2023-06-18T00:00,0.0,100,0
2023-06-18T01:00,0.0,100,1
2023-06-18T02:00,0.0,46,2
2023-06-18T03:00,0.0,100,3
2023-06-18T04:00,0.0,100,4
2023-06-18T05:00,0.0,67,5
2023-06-18T06:00,0.0,91,6
2023-06-18T07:00,12.0,80,7
2023-06-18T08:00,106.0,99,8
2023-06-18T09:00,274.0,100,9
2023-06-18T10:00,429.0,100,10
2023-06-18T11:00,550.0,98,11
2023-06-18T12:00,767.0,100,12
2023-06-18T13:00,823.0,100,13
2023-06-18T14:00,829.0,100,14
2023-06-18T15:00,446.0,100,15
2023-06-18T16:00,236.0,100,16
2023-06-18T17:00,296.0,100,17
2023-06-18T18:00,419.0,100,18
2023-06-18T19:00,134.0,100,19
2023-06-18T20:00,198.0,100,20
2023-06-18T21:00,78.0,100,21
2023-06-18T22:00,4.0,100,22
2023-06-18T23:00,0.0,100,23
2023-06-19T00:00,0.0,100,0
2023-06-19T01:00,0.0,82,1
2023-06-19T02:00,0.0,95,2
2023-06-19T03:00,0.0,79,3
2023-06-19T04:00,0.0,96,4
2023-06-19T05:00,0.0,95,5
2023-06-19T06:00,0.0,60,6
2023-06-19T07:00,14.0,88,7
2023-06-19T08:00,117.0,100,8
2023-06-19T09:00,250.0,100,9
2023-06-19T10:00,437.0,100,10
2023-06-19T11:00,495.0,100,11
2023-06-19T12:00,654.0,100,12
2023-06-19T13:00,804.0,89,13
2023-06-19T14:00,769.0,82,14
2023-06-19T15:00,922.0,100,15
2023-06-19T16:00,777.0,100,16
2023-06-19T17:00,583.0,100,17
2023-06-19T18:00,491.0,100,18
2023-06-19T19:00,370.0,100,19
2023-06-19T20:00,190.0,83,20
2023-06-19T21:00,81.0,56,21
2023-06-19T22:00,5.0,90,22
2023-06-19T23:00,0.0,40,23
2023-06-20T00:00,0.0,27,0
2023-06-20T01:00,0.0,75,1
2023-06-20T02:00,0.0,60,2
2023-06-20T03:00,0.0,100,3
2023-06-20T04:00,0.0,100,4
2023-06-20T05:00,0.0,100,5
2023-06-20T06:00,0.0,94,6
2023-06-20T07:00,13.0,95,7
2023-06-20T08:00,104.0,100,8
2023-06-20T09:00,209.0,100,9
2023-06-20T10:00,307.0,100,10
2023-06-20T11:00,319.0,100,11
2023-06-20T12:00,581.0,100,12
2023-06-20T13:00,779.0,100,13
2023-06-20T14:00,878.0,100,14
2023-06-20T15:00,435.0,100,15
2023-06-20T16:00,460.0,100,16
2023-06-20T17:00,621.0,49,17
2023-06-20T18:00,588.0,5,18
2023-06-20T19:00,421.0,19,19
2023-06-20T20:00,240.0,96,20
2023-06-20T21:00,80.0,99,21
2023-06-20T22:00,4.0,99,22
2023-06-20T23:00,0.0,100,23
2023-06-21T00:00,0.0,20,0
2023-06-21T01:00,0.0,42,1
2023-06-21T02:00,0.0,46,2
2023-06-21T03:00,0.0,98,3
2023-06-21T04:00,0.0,99,4
2023-06-21T05:00,0.0,100,5
2023-06-21T06:00,0.0,100,6
2023-06-21T07:00,10.0,100,7
2023-06-21T08:00,81.0,100,8
2023-06-21T09:00,246.0,100,9
2023-06-21T10:00,391.0,99,10
2023-06-21T11:00,610.0,100,11
2023-06-21T12:00,715.0,100,12
2023-06-21T13:00,833.0,78,13
2023-06-21T14:00,905.0,100,14
2023-06-21T15:00,761.0,100,15
2023-06-21T16:00,721.0,99,16
2023-06-21T17:00,655.0,33,17
2023-06-21T18:00,590.0,98,18
2023-06-21T19:00,391.0,100,19
2023-06-21T20:00,210.0,94,20
2023-06-21T21:00,83.0,94,21
2023-06-21T22:00,4.0,96,22
2023-06-21T23:00,0.0,94,23
2023-06-22T00:00,0.0,97,0
2023-06-22T01:00,0.0,100,1
2023-06-22T02:00,0.0,11,2
2023-06-22T03:00,0.0,30,3
2023-06-22T04:00,0.0,7,4
2023-06-22T05:00,0.0,10,5
2023-06-22T06:00,0.0,100,6
2023-06-22T07:00,9.0,5,7
2023-06-22T08:00,115.0,30,8
2023-06-22T09:00,225.0,43,9
2023-06-22T10:00,427.0,6,10
2023-06-22T11:00,626.0,23,11
2023-06-22T12:00,723.0,19,12
2023-06-22T13:00,734.0,20,13
2023-06-22T14:00,826.0,35,14
2023-06-22T15:00,856.0,32,15
2023-06-22T16:00,813.0,3,16
2023-06-22T17:00,671.0,49,17
2023-06-22T18:00,486.0,28,18
2023-06-22T19:00,336.0,14,19
2023-06-22T20:00,197.0,5,20
2023-06-22T21:00,82.0,12,21
2023-06-22T22:00,4.0,5,22
2023-06-22T23:00,0.0,8,23
2023-06-23T00:00,0.0,24,0
2023-06-23T01:00,0.0,15,1
2023-06-23T02:00,0.0,6,2
2023-06-23T03:00,0.0,39,3
2023-06-23T04:00,0.0,14,4
2023-06-23T05:00,0.0,2,5
2023-06-23T06:00,0.0,0,6
2023-06-23T07:00,13.0,0,7
2023-06-23T08:00,116.0,0,8
2023-06-23T09:00,280.0,2,9
2023-06-23T10:00,459.0,6,10
2023-06-23T11:00,572.0,31,11
2023-06-23T12:00,704.0,23,12
2023-06-23T13:00,724.0,19,13
2023-06-23T14:00,773.0,23,14
2023-06-23T15:00,883.0,20,15
2023-06-23T16:00,731.0,21,16
2023-06-23T17:00,733.0,4,17
2023-06-23T18:00,575.0,0,18
2023-06-23T19:00,421.0,0,19
2023-06-23T20:00,242.0,4,20
2023-06-23T21:00,86.0,6,21
2023-06-23T22:00,5.0,0,22
2023-06-23T23:00,0.0,1,23
2023-06-24T00:00,0.0,2,0
2023-06-24T01:00,0.0,0,1
2023-06-24T02:00,0.0,0,2
2023-06-24T03:00,0.0,0,3
2023-06-24T04:00,0.0,0,4
2023-06-24T05:00,0.0,0,5
2023-06-24T06:00,0.0,1,6
2023-06-24T07:00,13.0,1,7
2023-06-24T08:00,116.0,1,8
2023-06-24T09:00,274.0,24,9
2023-06-24T10:00,431.0,52,10
2023-06-24T11:00,580.0,100,11
2023-06-24T12:00,730.0,1,12
2023-06-24T13:00,838.0,27,13
2023-06-24T14:00,765.0,8,14
2023-06-24T15:00,819.0,6,15
2023-06-24T16:00,836.0,1,16
2023-06-24T17:00,740.0,0,17
2023-06-24T18:00,595.0,0,18
2023-06-24T19:00,423.0,0,19
2023-06-24T20:00,244.0,1,20
2023-06-24T21:00,87.0,2,21
2023-06-24T22:00,5.0,0,22
2023-06-24T23:00,0.0,0,23
2023-06-25T00:00,0.0,0,0
2023-06-25T01:00,0.0,0,1
2023-06-25T02:00,0.0,0,2
2023-06-25T03:00,0.0,0,3
2023-06-25T04:00,0.0,0,4
2023-06-25T05:00,0.0,0,5
2023-06-25T06:00,0.0,0,6
2023-06-25T07:00,13.0,0,7
2023-06-25T08:00,119.0,0,8
2023-06-25T09:00,285.0,0,9
2023-06-25T10:00,466.0,0,10
2023-06-25T11:00,636.0,0,11
2023-06-25T12:00,777.0,0,12
2023-06-25T13:00,876.0,0,13
2023-06-25T14:00,925.0,0,14
2023-06-25T15:00,918.0,0,15
2023-06-25T16:00,860.0,0,16
2023-06-25T17:00,750.0,8,17
2023-06-25T18:00,593.0,1,18
2023-06-25T19:00,421.0,2,19
2023-06-25T20:00,240.0,6,20
2023-06-25T21:00,86.0,2,21
2023-06-25T22:00,5.0,7,22
2023-06-25T23:00,0.0,1,23
2023-06-26T00:00,0.0,1,0
2023-06-26T01:00,0.0,1,1
2023-06-26T02:00,0.0,1,2
2023-06-26T03:00,0.0,16,3
2023-06-26T04:00,0.0,18,4
2023-06-26T05:00,0.0,32,5
2023-06-26T06:00,0.0,18,6
2023-06-26T07:00,13.0,74,7
2023-06-26T08:00,115.0,34,8
2023-06-26T09:00,281.0,40,9
2023-06-26T10:00,456.0,83,10
2023-06-26T11:00,622.0,84,11
2023-06-26T12:00,757.0,77,12
2023-06-26T13:00,852.0,100,13
2023-06-26T14:00,903.0,100,14
2023-06-26T15:00,779.0,100,15
2023-06-26T16:00,721.0,99,16
2023-06-26T17:00,625.0,43,17
2023-06-26T18:00,519.0,81,18
2023-06-26T19:00,315.0,55,19
2023-06-26T20:00,195.0,98,20
2023-06-26T21:00,72.0,88,21
2023-06-26T22:00,5.0,98,22
2023-06-26T23:00,0.0,40,23
2023-06-27T00:00,0.0,0,0
2023-06-27T01:00,0.0,0,1
2023-06-27T02:00,0.0,7,2
2023-06-27T03:00,0.0,9,3
2023-06-27T04:00,0.0,18,4
2023-06-27T05:00,0.0,23,5
2023-06-27T06:00,0.0,12,6
2023-06-27T07:00,12.0,25,7
2023-06-27T08:00,104.0,33,8
2023-06-27T09:00,261.0,14,9
2023-06-27T10:00,449.0,0,10
2023-06-27T11:00,616.0,0,11
2023-06-27T12:00,746.0,48,12
2023-06-27T13:00,813.0,100,13
2023-06-27T14:00,668.0,86,14
2023-06-27T15:00,768.0,52,15
2023-06-27T16:00,739.0,95,16
2023-06-27T17:00,482.0,100,17
2023-06-27T18:00,250.0,100,18
2023-06-27T19:00,187.0,100,19
2023-06-27T20:00,172.0,90,20
2023-06-27T21:00,79.0,64,21
2023-06-27T22:00,5.0,52,22
2023-06-27T23:00,0.0,96,23
2023-06-28T00:00,0.0,64,0
2023-06-28T01:00,0.0,34,1
2023-06-28T02:00,0.0,43,2
2023-06-28T03:00,0.0,53,3
2023-06-28T04:00,0.0,94,4
2023-06-28T05:00,0.0,100,5
2023-06-28T06:00,0.0,100,6
2023-06-28T07:00,10.0,47,7
2023-06-28T08:00,98.0,89,8
2023-06-28T09:00,248.0,98,9
2023-06-28T10:00,365.0,89,10
2023-06-28T11:00,553.0,97,11
2023-06-28T12:00,687.0,99,12
2023-06-28T13:00,834.0,76,13
2023-06-28T14:00,895.0,31,14
2023-06-28T15:00,754.0,44,15
2023-06-28T16:00,577.0,84,16
2023-06-28T17:00,454.0,94,17
2023-06-28T18:00,253.0,100,18
2023-06-28T19:00,113.0,100,19
2023-06-28T20:00,108.0,100,20
2023-06-28T21:00,49.0,100,21
2023-06-28T22:00,4.0,100,22
2023-06-28T23:00,0.0,97,23
2023-06-29T00:00,0.0,1,0
2023-06-29T01:00,0.0,9,1
2023-06-29T02:00,0.0,1,2
2023-06-29T03:00,0.0,64,3
2023-06-29T04:00,0.0,91,4
2023-06-29T05:00,0.0,33,5
2023-06-29T06:00,0.0,39,6
2023-06-29T07:00,10.0,67,7
2023-06-29T08:00,102.0,87,8
2023-06-29T09:00,210.0,34,9
2023-06-29T10:00,410.0,19,10
2023-06-29T11:00,589.0,30,11
2023-06-29T12:00,716.0,16,12
2023-06-29T13:00,829.0,20,13
2023-06-29T14:00,841.0,70,14
2023-06-29T15:00,389.0,90,15
2023-06-29T16:00,645.0,27,16
2023-06-29T17:00,659.0,35,17
2023-06-29T18:00,508.0,73,18
2023-06-29T19:00,367.0,98,19
2023-06-29T20:00,212.0,99,20
2023-06-29T21:00,70.0,60,21
2023-06-29T22:00,5.0,100,22
2023-06-29T23:00,0.0,100,23
2023-06-30T00:00,0.0,100,0
2023-06-30T01:00,0.0,100,1
2023-06-30T02:00,0.0,100,2
2023-06-30T03:00,0.0,99,3
2023-06-30T04:00,0.0,92,4
2023-06-30T05:00,0.0,27,5
2023-06-30T06:00,0.0,39,6
2023-06-30T07:00,10.0,29,7
2023-06-30T08:00,85.0,27,8
2023-06-30T09:00,247.0,33,9
2023-06-30T10:00,412.0,19,10
2023-06-30T11:00,546.0,35,11
2023-06-30T12:00,683.0,46,12
2023-06-30T13:00,739.0,47,13
2023-06-30T14:00,748.0,63,14
2023-06-30T15:00,781.0,17,15
2023-06-30T16:00,752.0,19,16
2023-06-30T17:00,608.0,35,17
2023-06-30T18:00,515.0,56,18
2023-06-30T19:00,294.0,76,19
2023-06-30T20:00,162.0,100,20
2023-06-30T21:00,63.0,100,21
2023-06-30T22:00,4.0,99,22
2023-06-30T23:00,0.0,47,23
2023-07-01T00:00,0.0,63,0
2023-07-01T01:00,0.0,45,1
2023-07-01T02:00,0.0,21,2
2023-07-01T03:00,0.0,100,3
2023-07-01T04:00,0.0,100,4
2023-07-01T05:00,0.0,100,5
2023-07-01T06:00,0.0,100,6
2023-07-01T07:00,4.0,100,7
2023-07-01T08:00,92.0,49,8
2023-07-01T09:00,236.0,70,9
2023-07-01T10:00,380.0,99,10
2023-07-01T11:00,542.0,88,11
2023-07-01T12:00,628.0,77,12
2023-07-01T13:00,782.0,76,13
2023-07-01T14:00,906.0,49,14
2023-07-01T15:00,881.0,33,15
2023-07-01T16:00,815.0,38,16
2023-07-01T17:00,695.0,51,17
2023-07-01T18:00,578.0,86,18
2023-07-01T19:00,402.0,83,19
2023-07-01T20:00,222.0,24,20
2023-07-01T21:00,85.0,17,21
2023-07-01T22:00,5.0,0,22
2023-07-01T23:00,0.0,0,23
2023-07-02T00:00,0.0,1,0
2023-07-02T01:00,0.0,0,1
2023-07-02T02:00,0.0,0,2
2023-07-02T03:00,0.0,0,3
2023-07-02T04:00,0.0,0,4
2023-07-02T05:00,0.0,0,5
2023-07-02T06:00,0.0,4,6
2023-07-02T07:00,11.0,9,7
2023-07-02T08:00,109.0,12,8
2023-07-02T09:00,265.0,62,9
2023-07-02T10:00,401.0,55,10
2023-07-02T11:00,412.0,39,11
2023-07-02T12:00,496.0,59,12
2023-07-02T13:00,595.0,30,13
2023-07-02T14:00,620.0,54,14
2023-07-02T15:00,837.0,97,15
2023-07-02T16:00,754.0,65,16
2023-07-02T17:00,648.0,30,17
2023-07-02T18:00,464.0,9,18
2023-07-02T19:00,388.0,10,19
2023-07-02T20:00,230.0,11,20
2023-07-02T21:00,81.0,26,21
2023-07-02T22:00,4.0,16,22
2023-07-02T23:00,0.0,19,23
2023-07-03T00:00,0.0,21,0
2023-07-03T01:00,0.0,10,1
2023-07-03T02:00,0.0,15,2
2023-07-03T03:00,0.0,5,3
2023-07-03T04:00,0.0,1,4
2023-07-03T05:00,0.0,7,5
2023-07-03T06:00,0.0,8,6
2023-07-03T07:00,10.0,14,7
2023-07-03T08:00,104.0,7,8
2023-07-03T09:00,261.0,4,9
2023-07-03T10:00,408.0,20,10
2023-07-03T11:00,557.0,55,11
2023-07-03T12:00,677.0,71,12
2023-07-03T13:00,801.0,58,13
2023-07-03T14:00,819.0,61,14
2023-07-03T15:00,540.0,98,15
2023-07-03T16:00,528.0,100,16
2023-07-03T17:00,543.0,74,17
2023-07-03T18:00,477.0,100,18
2023-07-03T19:00,292.0,100,19
2023-07-03T20:00,159.0,63,20
2023-07-03T21:00,76.0,83,21
2023-07-03T22:00,5.0,100,22
2023-07-03T23:00,0.0,45,23
2023-07-04T00:00,0.0,0,0
2023-07-04T01:00,0.0,0,1
2023-07-04T02:00,0.0,0,2
2023-07-04T03:00,0.0,0,3
2023-07-04T04:00,0.0,0,4
2023-07-04T05:00,0.0,0,5
2023-07-04T06:00,0.0,0,6
2023-07-04T07:00,10.0,7,7
2023-07-04T08:00,101.0,18,8
2023-07-04T09:00,230.0,78,9
2023-07-04T10:00,283.0,95,10
2023-07-04T11:00,278.0,100,11
2023-07-04T12:00,175.0,98,12
2023-07-04T13:00,662.0,100,13
2023-07-04T14:00,495.0,87,14
2023-07-04T15:00,603.0,100,15
2023-07-04T16:00,500.0,35,16
2023-07-04T17:00,656.0,43,17
2023-07-04T18:00,506.0,65,18
2023-07-04T19:00,288.0,52,19
2023-07-04T20:00,197.0,28,20
2023-07-04T21:00,79.0,12,21
2023-07-04T22:00,5.0,6,22
2023-07-04T23:00,0.0,0,23
2023-07-05T00:00,0.0,26,0
2023-07-05T01:00,0.0,1,1
2023-07-05T02:00,0.0,1,2
2023-07-05T03:00,0.0,3,3
2023-07-05T04:00,0.0,1,4
2023-07-05T05:00,0.0,0,5
2023-07-05T06:00,0.0,4,6
2023-07-05T07:00,10.0,17,7
2023-07-05T08:00,100.0,29,8
2023-07-05T09:00,203.0,100,9
2023-07-05T10:00,244.0,100,10
2023-07-05T11:00,245.0,100,11
2023-07-05T12:00,388.0,97,12
2023-07-05T13:00,620.0,67,13
2023-07-05T14:00,583.0,56,14
2023-07-05T15:00,737.0,73,15
2023-07-05T16:00,572.0,27,16
2023-07-05T17:00,601.0,56,17
2023-07-05T18:00,527.0,100,18
2023-07-05T19:00,279.0,23,19
2023-07-05T20:00,236.0,47,20
2023-07-05T21:00,79.0,27,21
2023-07-05T22:00,4.0,14,22
2023-07-05T23:00,0.0,94,23
2023-07-06T00:00,0.0,47,0
2023-07-06T01:00,0.0,1,1
2023-07-06T02:00,0.0,13,2
2023-07-06T03:00,0.0,99,3
2023-07-06T04:00,0.0,100,4
2023-07-06T05:00,0.0,99,5
2023-07-06T06:00,0.0,100,6
2023-07-06T07:00,2.0,100,7
2023-07-06T08:00,31.0,96,8
2023-07-06T09:00,130.0,100,9
2023-07-06T10:00,95.0,95,10
2023-07-06T11:00,357.0,22,11
2023-07-06T12:00,713.0,27,12
2023-07-06T13:00,836.0,45,13
2023-07-06T14:00,840.0,50,14
2023-07-06T15:00,867.0,41,15
2023-07-06T16:00,814.0,73,16
2023-07-06T17:00,661.0,96,17
2023-07-06T18:00,410.0,98,18
2023-07-06T19:00,344.0,93,19
2023-07-06T20:00,204.0,58,20
2023-07-06T21:00,73.0,26,21
2023-07-06T22:00,4.0,8,22
2023-07-06T23:00,0.0,35,23
2023-07-07T00:00,0.0,14,0
2023-07-07T01:00,0.0,0,1
2023-07-07T02:00,0.0,0,2
2023-07-07T03:00,0.0,1,3
2023-07-07T04:00,0.0,0,4
2023-07-07T05:00,0.0,0,5
2023-07-07T06:00,0.0,0,6
2023-07-07T07:00,9.0,0,7
2023-07-07T08:00,105.0,20,8
2023-07-07T09:00,267.0,59,9
2023-07-07T10:00,443.0,93,10
2023-07-07T11:00,603.0,93,11
2023-07-07T12:00,702.0,100,12
2023-07-07T13:00,755.0,99,13
2023-07-07T14:00,751.0,99,14
2023-07-07T15:00,571.0,96,15
2023-07-07T16:00,599.0,93,16
2023-07-07T17:00,441.0,100,17
2023-07-07T18:00,332.0,79,18
2023-07-07T19:00,272.0,66,19
2023-07-07T20:00,174.0,32,20
2023-07-07T21:00,75.0,81,21
2023-07-07T22:00,3.0,45,22
2023-07-07T23:00,0.0,20,23
2023-07-08T00:00,0.0,14,0
2023-07-08T01:00,0.0,13,1
2023-07-08T02:00,0.0,9,2
2023-07-08T03:00,0.0,0,3
2023-07-08T04:00,0.0,2,4
2023-07-08T05:00,0.0,0,5
2023-07-08T06:00,0.0,0,6
2023-07-08T07:00,9.0,0,7
2023-07-08T08:00,105.0,0,8
2023-07-08T09:00,271.0,0,9
2023-07-08T10:00,453.0,0,10
2023-07-08T11:00,625.0,9,11
2023-07-08T12:00,767.0,0,12
2023-07-08T13:00,867.0,0,13
2023-07-08T14:00,916.0,0,14
2023-07-08T15:00,908.0,0,15
2023-07-08T16:00,851.0,1,16
2023-07-08T17:00,742.0,2,17
2023-07-08T18:00,595.0,4,18
2023-07-08T19:00,418.0,4,19
2023-07-08T20:00,241.0,2,20
2023-07-08T21:00,87.0,1,21
2023-07-08T22:00,4.0,1,22
2023-07-08T23:00,0.0,5,23
2023-07-09T00:00,0.0,0,0
2023-07-09T01:00,0.0,0,1
2023-07-09T02:00,0.0,0,2
2023-07-09T03:00,0.0,0,3
2023-07-09T04:00,0.0,0,4
2023-07-09T05:00,0.0,0,5
2023-07-09T06:00,0.0,0,6
2023-07-09T07:00,8.0,0,7
2023-07-09T08:00,104.0,0,8
2023-07-09T09:00,269.0,0,9
2023-07-09T10:00,448.0,1,10
2023-07-09T11:00,617.0,8,11
2023-07-09T12:00,756.0,4,12
2023-07-09T13:00,856.0,2,13
2023-07-09T14:00,906.0,0,14
2023-07-09T15:00,883.0,8,15
2023-07-09T16:00,841.0,18,16
2023-07-09T17:00,737.0,1,17
2023-07-09T18:00,569.0,41,18
2023-07-09T19:00,403.0,1,19
2023-07-09T20:00,248.0,4,20
2023-07-09T21:00,84.0,2,21
2023-07-09T22:00,4.0,1,22
2023-07-09T23:00,0.0,11,23
2023-07-10T00:00,0.0,0,0
2023-07-10T01:00,0.0,0,1
2023-07-10T02:00,0.0,0,2
2023-07-10T03:00,0.0,0,3
2023-07-10T04:00,0.0,4,4
2023-07-10T05:00,0.0,18,5
2023-07-10T06:00,0.0,11,6
2023-07-10T07:00,7.0,5,7
2023-07-10T08:00,98.0,0,8
2023-07-10T09:00,261.0,0,9
2023-07-10T10:00,442.0,0,10
2023-07-10T11:00,610.0,0,11
2023-07-10T12:00,751.0,0,12
2023-07-10T13:00,851.0,0,13
2023-07-10T14:00,901.0,0,14
2023-07-10T15:00,898.0,0,15
2023-07-10T16:00,842.0,0,16
2023-07-10T17:00,732.0,1,17
2023-07-10T18:00,583.0,10,18
2023-07-10T19:00,422.0,38,19
2023-07-10T20:00,243.0,51,20
2023-07-10T21:00,84.0,21,21
2023-07-10T22:00,4.0,91,22
2023-07-10T23:00,0.0,38,23
2023-07-11T00:00,0.0,0,0
2023-07-11T01:00,0.0,26,1
2023-07-11T02:00,0.0,4,2
2023-07-11T03:00,0.0,41,3
2023-07-11T04:00,0.0,14,4
2023-07-11T05:00,0.0,63,5
2023-07-11T06:00,0.0,96,6
2023-07-11T07:00,6.0,55,7
2023-07-11T08:00,90.0,53,8
2023-07-11T09:00,249.0,0,9
2023-07-11T10:00,448.0,0,10
2023-07-11T11:00,620.0,21,11
2023-07-11T12:00,767.0,65,12
2023-07-11T13:00,799.0,85,13
2023-07-11T14:00,854.0,42,14
2023-07-11T15:00,891.0,30,15
2023-07-11T16:00,823.0,82,16
2023-07-11T17:00,675.0,52,17
2023-07-11T18:00,574.0,43,18
2023-07-11T19:00,402.0,12,19
2023-07-11T20:00,244.0,91,20
2023-07-11T21:00,82.0,19,21
2023-07-11T22:00,4.0,0,22
2023-07-11T23:00,0.0,0,23
2023-07-12T00:00,0.0,0,0
2023-07-12T01:00,0.0,0,1
2023-07-12T02:00,0.0,56,2
2023-07-12T03:00,0.0,15,3
2023-07-12T04:00,0.0,49,4
2023-07-12T05:00,0.0,64,5
2023-07-12T06:00,0.0,47,6
2023-07-12T07:00,6.0,15,7
2023-07-12T08:00,81.0,15,8
2023-07-12T09:00,259.0,6,9
2023-07-12T10:00,439.0,1,10
2023-07-12T11:00,612.0,2,11
2023-07-12T12:00,750.0,8,12
2023-07-12T13:00,783.0,28,13
2023-07-12T14:00,898.0,78,14
2023-07-12T15:00,830.0,97,15
2023-07-12T16:00,754.0,96,16
2023-07-12T17:00,666.0,97,17
2023-07-12T18:00,460.0,96,18
2023-07-12T19:00,339.0,95,19
2023-07-12T20:00,184.0,100,20
2023-07-12T21:00,45.0,100,21
2023-07-12T22:00,2.0,98,22
2023-07-12T23:00,0.0,94,23
2023-07-13T00:00,0.0,86,0
2023-07-13T01:00,0.0,64,1
2023-07-13T02:00,0.0,97,2
2023-07-13T03:00,0.0,62,3
2023-07-13T04:00,0.0,100,4
2023-07-13T05:00,0.0,82,5
2023-07-13T06:00,0.0,89,6
2023-07-13T07:00,6.0,91,7
2023-07-13T08:00,87.0,30,8
2023-07-13T09:00,246.0,81,9
2023-07-13T10:00,395.0,65,10
2023-07-13T11:00,532.0,25,11
2023-07-13T12:00,673.0,80,12
2023-07-13T13:00,722.0,35,13
2023-07-13T14:00,792.0,23,14
2023-07-13T15:00,860.0,23,15
2023-07-13T16:00,823.0,62,16
2023-07-13T17:00,731.0,2,17
2023-07-13T18:00,588.0,9,18
2023-07-13T19:00,409.0,16,19
2023-07-13T20:00,236.0,96,20
2023-07-13T21:00,74.0,18,21
2023-07-13T22:00,3.0,58,22
2023-07-13T23:00,0.0,47,23
2023-07-14T00:00,0.0,62,0
2023-07-14T01:00,0.0,9,1
2023-07-14T02:00,0.0,0,2
2023-07-14T03:00,0.0,40,3
2023-07-14T04:00,0.0,9,4
2023-07-14T05:00,0.0,5,5
2023-07-14T06:00,0.0,7,6
2023-07-14T07:00,6.0,5,7
2023-07-14T08:00,94.0,1,8
2023-07-14T09:00,251.0,1,9
2023-07-14T10:00,429.0,25,10
2023-07-14T11:00,574.0,9,11
2023-07-14T12:00,726.0,23,12
2023-07-14T13:00,725.0,34,13
2023-07-14T14:00,806.0,7,14
2023-07-14T15:00,849.0,3,15
2023-07-14T16:00,834.0,7,16
2023-07-14T17:00,725.0,25,17
2023-07-14T18:00,592.0,40,18
2023-07-14T19:00,422.0,23,19
2023-07-14T20:00,240.0,12,20
2023-07-14T21:00,82.0,0,21
2023-07-14T22:00,3.0,0,22
2023-07-14T23:00,0.0,1,23
2023-07-15T00:00,0.0,0,0
2023-07-15T01:00,0.0,5,1
2023-07-15T02:00,0.0,2,2
2023-07-15T03:00,0.0,24,3
2023-07-15T04:00,0.0,2,4
2023-07-15T05:00,0.0,5,5
2023-07-15T06:00,0.0,4,6
2023-07-15T07:00,6.0,5,7
2023-07-15T08:00,95.0,7,8
2023-07-15T09:00,251.0,16,9
2023-07-15T10:00,407.0,14,10
2023-07-15T11:00,562.0,11,11
2023-07-15T12:00,724.0,11,12
2023-07-15T13:00,833.0,18,13
2023-07-15T14:00,885.0,16,14
2023-07-15T15:00,747.0,41,15
2023-07-15T16:00,714.0,30,16
2023-07-15T17:00,722.0,16,17
2023-07-15T18:00,585.0,6,18
2023-07-15T19:00,419.0,2,19
2023-07-15T20:00,233.0,2,20
2023-07-15T21:00,81.0,3,21
2023-07-15T22:00,3.0,4,22
2023-07-15T23:00,0.0,1,23
2023-07-16T00:00,0.0,1,0
2023-07-16T01:00,0.0,17,1
2023-07-16T02:00,0.0,33,2
2023-07-16T03:00,0.0,89,3
2023-07-16T04:00,0.0,95,4
2023-07-16T05:00,0.0,75,5
2023-07-16T06:00,0.0,1,6
2023-07-16T07:00,4.0,5,7
2023-07-16T08:00,83.0,16,8
2023-07-16T09:00,248.0,24,9
2023-07-16T10:00,416.0,57,10
2023-07-16T11:00,548.0,25,11
2023-07-16T12:00,740.0,2,12
2023-07-16T13:00,833.0,0,13
2023-07-16T14:00,882.0,1,14
2023-07-16T15:00,891.0,0,15
2023-07-16T16:00,843.0,1,16
2023-07-16T17:00,735.0,2,17
2023-07-16T18:00,586.0,1,18
2023-07-16T19:00,418.0,6,19
2023-07-16T20:00,236.0,23,20
2023-07-16T21:00,79.0,26,21
2023-07-16T22:00,3.0,28,22
2023-07-16T23:00,0.0,17,23
2023-07-17T00:00,0.0,2,0
2023-07-17T01:00,0.0,10,1
2023-07-17T02:00,0.0,3,2
2023-07-17T03:00,0.0,35,3
2023-07-17T04:00,0.0,10,4
2023-07-17T05:00,0.0,9,5
2023-07-17T06:00,0.0,1,6
2023-07-17T07:00,5.0,1,7
2023-07-17T08:00,91.0,4,8
2023-07-17T09:00,253.0,19,9
2023-07-17T10:00,430.0,3,10
2023-07-17T11:00,609.0,11,11
2023-07-17T12:00,747.0,35,12
2023-07-17T13:00,799.0,33,13
2023-07-17T14:00,871.0,10,14
2023-07-17T15:00,887.0,1,15
2023-07-17T16:00,850.0,15,16
2023-07-17T17:00,732.0,30,17
2023-07-17T18:00,576.0,19,18
2023-07-17T19:00,420.0,0,19
2023-07-17T20:00,252.0,0,20
2023-07-17T21:00,82.0,1,21
2023-07-17T22:00,3.0,0,22
2023-07-17T23:00,0.0,0,23
2023-07-18T00:00,0.0,0,0
2023-07-18T01:00,0.0,0,1
2023-07-18T02:00,0.0,0,2
2023-07-18T03:00,0.0,6,3
2023-07-18T04:00,0.0,1,4
2023-07-18T05:00,0.0,0,5
2023-07-18T06:00,0.0,0,6
2023-07-18T07:00,5.0,0,7
2023-07-18T08:00,93.0,0,8
2023-07-18T09:00,261.0,0,9
2023-07-18T10:00,448.0,0,10
2023-07-18T11:00,624.0,0,11
2023-07-18T12:00,772.0,0,12
2023-07-18T13:00,874.0,0,13
2023-07-18T14:00,925.0,0,14
2023-07-18T15:00,920.0,0,15
2023-07-18T16:00,868.0,28,16
2023-07-18T17:00,741.0,11,17
2023-07-18T18:00,611.0,19,18
2023-07-18T19:00,430.0,32,19
2023-07-18T20:00,239.0,18,20
2023-07-18T21:00,79.0,10,21
2023-07-18T22:00,2.0,8,22
2023-07-18T23:00,0.0,0,23
2023-07-19T00:00,0.0,0,0
2023-07-19T01:00,0.0,25,1
2023-07-19T02:00,0.0,97,2
2023-07-19T03:00,0.0,43,3
2023-07-19T04:00,0.0,3,4
2023-07-19T05:00,0.0,5,5
2023-07-19T06:00,0.0,13,6
2023-07-19T07:00,4.0,34,7
2023-07-19T08:00,86.0,22,8
2023-07-19T09:00,246.0,10,9
2023-07-19T10:00,428.0,0,10
2023-07-19T11:00,602.0,0,11
2023-07-19T12:00,744.0,0,12
2023-07-19T13:00,844.0,0,13
2023-07-19T14:00,896.0,4,14
2023-07-19T15:00,903.0,26,15
2023-07-19T16:00,825.0,44,16
2023-07-19T17:00,699.0,23,17
2023-07-19T18:00,538.0,30,18
2023-07-19T19:00,398.0,7,19
2023-07-19T20:00,234.0,26,20
2023-07-19T21:00,75.0,11,21
2023-07-19T22:00,2.0,5,22
2023-07-19T23:00,0.0,0,23
2023-07-20T00:00,0.0,0,0
2023-07-20T01:00,0.0,0,1
2023-07-20T02:00,0.0,0,2
2023-07-20T03:00,0.0,0,3
2023-07-20T04:00,0.0,0,4
2023-07-20T05:00,0.0,0,5
2023-07-20T06:00,0.0,0,6
2023-07-20T07:00,4.0,0,7
2023-07-20T08:00,87.0,0,8
2023-07-20T09:00,248.0,0,9
2023-07-20T10:00,428.0,0,10
2023-07-20T11:00,597.0,0,11
2023-07-20T12:00,736.0,2,12
2023-07-20T13:00,834.0,1,13
2023-07-20T14:00,881.0,27,14
2023-07-20T15:00,838.0,7,15
2023-07-20T16:00,817.0,23,16
2023-07-20T17:00,703.0,24,17
2023-07-20T18:00,575.0,28,18
2023-07-20T19:00,390.0,2,19
2023-07-20T20:00,233.0,8,20
2023-07-20T21:00,75.0,13,21
2023-07-20T22:00,2.0,2,22
2023-07-20T23:00,0.0,11,23
2023-07-21T00:00,0.0,4,0
2023-07-21T01:00,0.0,0,1
2023-07-21T02:00,0.0,9,2
2023-07-21T03:00,0.0,100,3
2023-07-21T04:00,0.0,100,4
2023-07-21T05:00,0.0,93,5
2023-07-21T06:00,0.0,28,6
2023-07-21T07:00,3.0,27,7
2023-07-21T08:00,76.0,100,8
2023-07-21T09:00,112.0,30,9
2023-07-21T10:00,279.0,68,10
2023-07-21T11:00,389.0,64,11
2023-07-21T12:00,535.0,66,12
2023-07-21T13:00,745.0,19,13
2023-07-21T14:00,839.0,29,14
2023-07-21T15:00,781.0,17,15
2023-07-21T16:00,747.0,19,16
2023-07-21T17:00,716.0,34,17
2023-07-21T18:00,541.0,27,18
2023-07-21T19:00,373.0,13,19
2023-07-21T20:00,218.0,12,20
2023-07-21T21:00,72.0,76,21
2023-07-21T22:00,2.0,14,22
2023-07-21T23:00,0.0,29,23
2023-07-22T00:00,0.0,35,0
2023-07-22T01:00,0.0,34,1
2023-07-22T02:00,0.0,50,2
2023-07-22T03:00,0.0,50,3
2023-07-22T04:00,0.0,5,4
2023-07-22T05:00,0.0,1,5
2023-07-22T06:00,0.0,0,6
2023-07-22T07:00,3.0,18,7
2023-07-22T08:00,76.0,12,8
2023-07-22T09:00,231.0,18,9
2023-07-22T10:00,392.0,26,10
2023-07-22T11:00,493.0,50,11
2023-07-22T12:00,523.0,75,12
2023-07-22T13:00,569.0,69,13
2023-07-22T14:00,500.0,11,14
2023-07-22T15:00,793.0,37,15
2023-07-22T16:00,760.0,69,16
2023-07-22T17:00,650.0,48,17
2023-07-22T18:00,500.0,27,18
2023-07-22T19:00,395.0,26,19
2023-07-22T20:00,220.0,21,20
2023-07-22T21:00,71.0,34,21
2023-07-22T22:00,2.0,33,22
2023-07-22T23:00,0.0,56,23
2023-07-23T00:00,0.0,19,0
2023-07-23T01:00,0.0,0,1
2023-07-23T02:00,0.0,0,2
2023-07-23T03:00,0.0,4,3
2023-07-23T04:00,0.0,1,4
2023-07-23T05:00,0.0,0,5
2023-07-23T06:00,0.0,2,6
2023-07-23T07:00,3.0,4,7
2023-07-23T08:00,79.0,14,8
2023-07-23T09:00,234.0,0,9
2023-07-23T10:00,421.0,0,10
2023-07-23T11:00,591.0,0,11
2023-07-23T12:00,734.0,0,12
2023-07-23T13:00,836.0,0,13
2023-07-23T14:00,885.0,4,14
2023-07-23T15:00,816.0,20,15
2023-07-23T16:00,787.0,18,16
2023-07-23T17:00,674.0,92,17
2023-07-23T18:00,455.0,27,18
2023-07-23T19:00,376.0,100,19
2023-07-23T20:00,129.0,9,20
2023-07-23T21:00,69.0,30,21
2023-07-23T22:00,1.0,26,22
2023-07-23T23:00,0.0,8,23
2023-07-24T00:00,0.0,29,0
2023-07-24T01:00,0.0,6,1
2023-07-24T02:00,0.0,56,2
2023-07-24T03:00,0.0,0,3
2023-07-24T04:00,0.0,12,4
2023-07-24T05:00,0.0,89,5
2023-07-24T06:00,0.0,9,6
2023-07-24T07:00,3.0,56,7
2023-07-24T08:00,76.0,10,8
2023-07-24T09:00,229.0,78,9
2023-07-24T10:00,387.0,80,10
2023-07-24T11:00,521.0,98,11
2023-07-24T12:00,587.0,100,12
2023-07-24T13:00,730.0,100,13
2023-07-24T14:00,748.0,100,14
2023-07-24T15:00,829.0,58,15
2023-07-24T16:00,721.0,99,16
2023-07-24T17:00,634.0,86,17
2023-07-24T18:00,345.0,55,18
2023-07-24T19:00,282.0,40,19
2023-07-24T20:00,188.0,25,20
2023-07-24T21:00,66.0,7,21
2023-07-24T22:00,1.0,62,22
2023-07-24T23:00,0.0,61,23
2023-07-25T00:00,0.0,34,0
2023-07-25T01:00,0.0,60,1
2023-07-25T02:00,0.0,12,2
2023-07-25T03:00,0.0,25,3
2023-07-25T04:00,0.0,4,4
2023-07-25T05:00,0.0,2,5
2023-07-25T06:00,0.0,8,6
2023-07-25T07:00,2.0,1,7
2023-07-25T08:00,79.0,0,8
2023-07-25T09:00,246.0,0,9
2023-07-25T10:00,432.0,32,10
2023-07-25T11:00,609.0,0,11
2023-07-25T12:00,760.0,0,12
2023-07-25T13:00,843.0,0,13
2023-07-25T14:00,897.0,35,14
2023-07-25T15:00,873.0,2,15
2023-07-25T16:00,828.0,0,16
2023-07-25T17:00,747.0,3,17
2023-07-25T18:00,590.0,10,18
2023-07-25T19:00,414.0,0,19
2023-07-25T20:00,228.0,5,20
2023-07-25T21:00,70.0,4,21
2023-07-25T22:00,1.0,79,22
2023-07-25T23:00,0.0,29,23
2023-07-26T00:00,0.0,30,0
2023-07-26T01:00,0.0,72,1
2023-07-26T02:00,0.0,100,2
2023-07-26T03:00,0.0,100,3
2023-07-26T04:00,0.0,49,4
2023-07-26T05:00,0.0,100,5
2023-07-26T06:00,0.0,56,6
2023-07-26T07:00,2.0,25,7
2023-07-26T08:00,48.0,100,8
2023-07-26T09:00,126.0,100,9
2023-07-26T10:00,171.0,100,10
2023-07-26T11:00,251.0,83,11
2023-07-26T12:00,354.0,79,12
2023-07-26T13:00,632.0,53,13
2023-07-26T14:00,674.0,72,14
2023-07-26T15:00,713.0,34,15
2023-07-26T16:00,705.0,50,16
2023-07-26T17:00,599.0,51,17
2023-07-26T18:00,429.0,41,18
2023-07-26T19:00,320.0,66,19
2023-07-26T20:00,170.0,32,20
2023-07-26T21:00,52.0,21,21
2023-07-26T22:00,1.0,11,22
2023-07-26T23:00,0.0,36,23
2023-07-27T00:00,0.0,3,0
2023-07-27T01:00,0.0,7,1
2023-07-27T02:00,0.0,3,2
2023-07-27T03:00,0.0,2,3
2023-07-27T04:00,0.0,0,4
2023-07-27T05:00,0.0,0,5
2023-07-27T06:00,0.0,0,6
2023-07-27T07:00,2.0,0,7
2023-07-27T08:00,74.0,0,8
2023-07-27T09:00,233.0,0,9
2023-07-27T10:00,407.0,39,10
2023-07-27T11:00,571.0,56,11
2023-07-27T12:00,674.0,86,12
2023-07-27T13:00,734.0,100,13
2023-07-27T14:00,654.0,100,14
2023-07-27T15:00,779.0,90,15
2023-07-27T16:00,617.0,98,16
2023-07-27T17:00,657.0,84,17
2023-07-27T18:00,372.0,65,18
2023-07-27T19:00,366.0,35,19
2023-07-27T20:00,190.0,59,20
2023-07-27T21:00,49.0,14,21
2023-07-27T22:00,1.0,4,22
2023-07-27T23:00,0.0,27,23
2023-07-28T00:00,0.0,9,0
2023-07-28T01:00,0.0,0,1
2023-07-28T02:00,0.0,0,2
2023-07-28T03:00,0.0,1,3
2023-07-28T04:00,0.0,2,4
2023-07-28T05:00,0.0,0,5
2023-07-28T06:00,0.0,0,6
2023-07-28T07:00,2.0,0,7
2023-07-28T08:00,72.0,3,8
2023-07-28T09:00,229.0,9,9
2023-07-28T10:00,413.0,27,10
2023-07-28T11:00,584.0,5,11
2023-07-28T12:00,728.0,0,12
2023-07-28T13:00,839.0,0,13
2023-07-28T14:00,894.0,0,14
2023-07-28T15:00,878.0,1,15
2023-07-28T16:00,806.0,2,16
2023-07-28T17:00,713.0,27,17
2023-07-28T18:00,526.0,36,18
2023-07-28T19:00,377.0,12,19
2023-07-28T20:00,209.0,1,20
2023-07-28T21:00,63.0,2,21
2023-07-28T22:00,1.0,22,22
2023-07-28T23:00,0.0,51,23
2023-07-29T00:00,0.0,17,0
2023-07-29T01:00,0.0,10,1
2023-07-29T02:00,0.0,0,2
2023-07-29T03:00,0.0,1,3
2023-07-29T04:00,0.0,1,4
2023-07-29T05:00,0.0,2,5
2023-07-29T06:00,0.0,3,6
2023-07-29T07:00,1.0,9,7
2023-07-29T08:00,70.0,4,8
2023-07-29T09:00,230.0,2,9
2023-07-29T10:00,402.0,13,10
2023-07-29T11:00,576.0,20,11
2023-07-29T12:00,710.0,10,12
2023-07-29T13:00,815.0,7,13
2023-07-29T14:00,870.0,4,14
2023-07-29T15:00,882.0,2,15
2023-07-29T16:00,812.0,7,16
2023-07-29T17:00,682.0,16,17
2023-07-29T18:00,547.0,24,18
2023-07-29T19:00,380.0,11,19
2023-07-29T20:00,207.0,8,20
2023-07-29T21:00,59.0,2,21
2023-07-29T22:00,0.0,6,22
2023-07-29T23:00,0.0,4,23
2023-07-30T00:00,0.0,1,0
2023-07-30T01:00,0.0,0,1
2023-07-30T02:00,0.0,0,2
2023-07-30T03:00,0.0,3,3
2023-07-30T04:00,0.0,4,4
2023-07-30T05:00,0.0,1,5
2023-07-30T06:00,0.0,7,6
2023-07-30T07:00,1.0,67,7
2023-07-30T08:00,64.0,93,8
2023-07-30T09:00,186.0,37,9
2023-07-30T10:00,351.0,22,10
2023-07-30T11:00,556.0,15,11
2023-07-30T12:00,695.0,17,12
2023-07-30T13:00,770.0,55,13
2023-07-30T14:00,756.0,10,14
2023-07-30T15:00,639.0,51,15
2023-07-30T16:00,706.0,7,16
2023-07-30T17:00,642.0,37,17
2023-07-30T18:00,500.0,6,18
2023-07-30T19:00,378.0,12,19
2023-07-30T20:00,203.0,3,20
2023-07-30T21:00,59.0,0,21
2023-07-30T22:00,0.0,0,22
2023-07-30T23:00,0.0,0,23
2023-07-31T00:00,0.0,0,0
2023-07-31T01:00,0.0,0,1
2023-07-31T02:00,0.0,3,2
2023-07-31T03:00,0.0,29,3
2023-07-31T04:00,0.0,58,4
2023-07-31T05:00,0.0,3,5
2023-07-31T06:00,0.0,6,6
2023-07-31T07:00,1.0,21,7
2023-07-31T08:00,64.0,20,8
2023-07-31T09:00,210.0,33,9
2023-07-31T10:00,360.0,100,10
2023-07-31T11:00,371.0,100,11
2023-07-31T12:00,391.0,73,12
2023-07-31T13:00,611.0,69,13
2023-07-31T14:00,785.0,64,14
2023-07-31T15:00,739.0,36,15
2023-07-31T16:00,692.0,28,16
2023-07-31T17:00,584.0,7,17
2023-07-31T18:00,544.0,7,18
2023-07-31T19:00,383.0,43,19
2023-07-31T20:00,196.0,83,20
2023-07-31T21:00,48.0,59,21
2023-07-31T22:00,0.0,56,22
2023-07-31T23:00,0.0,33,23
2023-08-01T00:00,0.0,48,0
2023-08-01T01:00,0.0,42,1
2023-08-01T02:00,0.0,27,2
2023-08-01T03:00,0.0,84,3
2023-08-01T04:00,0.0,2,4
2023-08-01T05:00,0.0,3,5
2023-08-01T06:00,0.0,19,6
2023-08-01T07:00,1.0,100,7
2023-08-01T08:00,52.0,100,8
2023-08-01T09:00,148.0,40,9
2023-08-01T10:00,366.0,20,10
2023-08-01T11:00,566.0,40,11
2023-08-01T12:00,711.0,58,12
2023-08-01T13:00,799.0,39,13
2023-08-01T14:00,842.0,38,14
2023-08-01T15:00,873.0,35,15
2023-08-01T16:00,795.0,51,16
2023-08-01T17:00,715.0,58,17
2023-08-01T18:00,559.0,57,18
2023-08-01T19:00,358.0,40,19
2023-08-01T20:00,200.0,15,20
2023-08-01T21:00,53.0,1,21
2023-08-01T22:00,0.0,14,22
2023-08-01T23:00,0.0,31,23
2023-08-02T00:00,0.0,32,0
2023-08-02T01:00,0.0,53,1
2023-08-02T02:00,0.0,68,2
2023-08-02T03:00,0.0,46,3
2023-08-02T04:00,0.0,31,4
2023-08-02T05:00,0.0,24,5
2023-08-02T06:00,0.0,17,6
2023-08-02T07:00,1.0,6,7
2023-08-02T08:00,62.0,10,8
2023-08-02T09:00,220.0,0,9
2023-08-02T10:00,402.0,0,10
2023-08-02T11:00,578.0,0,11
2023-08-02T12:00,721.0,0,12
2023-08-02T13:00,821.0,2,13
2023-08-02T14:00,836.0,2,14
2023-08-02T15:00,830.0,4,15
2023-08-02T16:00,794.0,4,16
2023-08-02T17:00,687.0,8,17
2023-08-02T18:00,535.0,10,18
2023-08-02T19:00,371.0,1,19
2023-08-02T20:00,204.0,1,20
2023-08-02T21:00,52.0,3,21
2023-08-02T22:00,0.0,1,22
2023-08-02T23:00,0.0,3,23
2023-08-03T00:00,0.0,10,0
2023-08-03T01:00,0.0,6,1
2023-08-03T02:00,0.0,16,2
2023-08-03T03:00,0.0,65,3
2023-08-03T04:00,0.0,43,4
2023-08-03T05:00,0.0,55,5
2023-08-03T06:00,0.0,94,6
2023-08-03T07:00,0.0,100,7
2023-08-03T08:00,38.0,99,8
2023-08-03T09:00,89.0,100,9
2023-08-03T10:00,216.0,64,10
2023-08-03T11:00,424.0,55,11
2023-08-03T12:00,559.0,37,12
2023-08-03T13:00,740.0,27,13
2023-08-03T14:00,803.0,30,14
2023-08-03T15:00,591.0,99,15
2023-08-03T16:00,380.0,17,16
2023-08-03T17:00,670.0,4,17
2023-08-03T18:00,532.0,9,18
2023-08-03T19:00,365.0,30,19
2023-08-03T20:00,179.0,17,20
2023-08-03T21:00,46.0,20,21
2023-08-03T22:00,0.0,9,22
2023-08-03T23:00,0.0,22,23
2023-08-04T00:00,0.0,25,0
2023-08-04T01:00,0.0,38,1
2023-08-04T02:00,0.0,58,2
2023-08-04T03:00,0.0,52,3
2023-08-04T04:00,0.0,53,4
2023-08-04T05:00,0.0,99,5
2023-08-04T06:00,0.0,100,6
2023-08-04T07:00,0.0,100,7
2023-08-04T08:00,28.0,67,8
2023-08-04T09:00,150.0,18,9
2023-08-04T10:00,333.0,20,10
2023-08-04T11:00,524.0,16,11
2023-08-04T12:00,642.0,7,12
2023-08-04T13:00,800.0,20,13
2023-08-04T14:00,794.0,41,14
2023-08-04T15:00,665.0,61,15
2023-08-04T16:00,587.0,64,16
2023-08-04T17:00,540.0,42,17
2023-08-04T18:00,407.0,7,18
2023-08-04T19:00,345.0,5,19
2023-08-04T20:00,194.0,9,20
2023-08-04T21:00,49.0,2,21
2023-08-04T22:00,0.0,1,22
2023-08-04T23:00,0.0,32,23
2023-08-05T00:00,0.0,46,0
2023-08-05T01:00,0.0,38,1
2023-08-05T02:00,0.0,29,2
2023-08-05T03:00,0.0,5,3
2023-08-05T04:00,0.0,15,4
2023-08-05T05:00,0.0,5,5
2023-08-05T06:00,0.0,7,6
2023-08-05T07:00,0.0,3,7
2023-08-05T08:00,62.0,0,8
2023-08-05T09:00,224.0,0,9
2023-08-05T10:00,409.0,0,10
2023-08-05T11:00,590.0,0,11
2023-08-05T12:00,739.0,0,12
2023-08-05T13:00,842.0,0,13
2023-08-05T14:00,893.0,0,14
2023-08-05T15:00,889.0,0,15
2023-08-05T16:00,826.0,0,16
2023-08-05T17:00,715.0,0,17
2023-08-05T18:00,565.0,0,18
2023-08-05T19:00,387.0,2,19
2023-08-05T20:00,198.0,1,20
2023-08-05T21:00,47.0,1,21
2023-08-05T22:00,0.0,0,22
2023-08-05T23:00,0.0,0,23
2023-08-06T00:00,0.0,0,0
2023-08-06T01:00,0.0,0,1
2023-08-06T02:00,0.0,0,2
2023-08-06T03:00,0.0,0,3
2023-08-06T04:00,0.0,0,4
2023-08-06T05:00,0.0,4,5
2023-08-06T06:00,0.0,19,6
2023-08-06T07:00,0.0,82,7
2023-08-06T08:00,54.0,96,8
2023-08-06T09:00,180.0,52,9
2023-08-06T10:00,264.0,100,10
2023-08-06T11:00,345.0,100,11
2023-08-06T12:00,326.0,100,12
2023-08-06T13:00,285.0,100,13
2023-08-06T14:00,524.0,100,14
2023-08-06T15:00,534.0,44,15
2023-08-06T16:00,586.0,59,16
2023-08-06T17:00,497.0,100,17
2023-08-06T18:00,337.0,100,18
2023-08-06T19:00,177.0,100,19
2023-08-06T20:00,88.0,44,20
2023-08-06T21:00,23.0,92,21
2023-08-06T22:00,0.0,100,22
2023-08-06T23:00,0.0,32,23
2023-08-07T00:00,0.0,99,0
2023-08-07T01:00,0.0,68,1
2023-08-07T02:00,0.0,4,2
2023-08-07T03:00,0.0,97,3
2023-08-07T04:00,0.0,99,4
2023-08-07T05:00,0.0,100,5
2023-08-07T06:00,0.0,100,6
2023-08-07T07:00,0.0,60,7
2023-08-07T08:00,51.0,51,8
2023-08-07T09:00,195.0,70,9
2023-08-07T10:00,334.0,98,10
2023-08-07T11:00,486.0,98,11
2023-08-07T12:00,621.0,51,12
2023-08-07T13:00,771.0,36,13
2023-08-07T14:00,870.0,62,14
2023-08-07T15:00,687.0,96,15
2023-08-07T16:00,513.0,39,16
2023-08-07T17:00,633.0,35,17
2023-08-07T18:00,454.0,16,18
2023-08-07T19:00,351.0,23,19
2023-08-07T20:00,189.0,88,20
2023-08-07T21:00,42.0,25,21
2023-08-07T22:00,0.0,1,22
2023-08-07T23:00,0.0,35,23
2023-08-08T00:00,0.0,27,0
2023-08-08T01:00,0.0,29,1
2023-08-08T02:00,0.0,28,2
2023-08-08T03:00,0.0,1,3
2023-08-08T04:00,0.0,3,4
2023-08-08T05:00,0.0,1,5
2023-08-08T06:00,0.0,41,6
2023-08-08T07:00,0.0,98,7
2023-08-08T08:00,38.0,100,8
2023-08-08T09:00,116.0,100,9
2023-08-08T10:00,177.0,100,10
2023-08-08T11:00,261.0,100,11
2023-08-08T12:00,422.0,100,12
2023-08-08T13:00,400.0,92,13
2023-08-08T14:00,613.0,75,14
2023-08-08T15:00,602.0,72,15
2023-08-08T16:00,621.0,14,16
2023-08-08T17:00,527.0,45,17
2023-08-08T18:00,390.0,30,18
2023-08-08T19:00,309.0,55,19
2023-08-08T20:00,151.0,1,20
2023-08-08T21:00,39.0,1,21
2023-08-08T22:00,0.0,0,22
2023-08-08T23:00,0.0,0,23
2023-08-09T00:00,0.0,0,0
2023-08-09T01:00,0.0,18,1
2023-08-09T02:00,0.0,2,2
2023-08-09T03:00,0.0,0,3
2023-08-09T04:00,0.0,0,4
2023-08-09T05:00,0.0,0,5
2023-08-09T06:00,0.0,19,6
2023-08-09T07:00,0.0,33,7
2023-08-09T08:00,51.0,26,8
2023-08-09T09:00,207.0,0,9
2023-08-09T10:00,392.0,0,10
2023-08-09T11:00,568.0,0,11
2023-08-09T12:00,716.0,0,12
2023-08-09T13:00,822.0,0,13
2023-08-09T14:00,876.0,0,14
2023-08-09T15:00,867.0,1,15
2023-08-09T16:00,805.0,2,16
2023-08-09T17:00,688.0,1,17
2023-08-09T18:00,540.0,2,18
2023-08-09T19:00,361.0,4,19
2023-08-09T20:00,182.0,1,20
2023-08-09T21:00,39.0,0,21
2023-08-09T22:00,0.0,0,22
2023-08-09T23:00,0.0,7,23
2023-08-10T00:00,0.0,2,0
2023-08-10T01:00,0.0,5,1
2023-08-10T02:00,0.0,6,2
2023-08-10T03:00,0.0,99,3
2023-08-10T04:00,0.0,65,4
2023-08-10T05:00,0.0,1,5
2023-08-10T06:00,0.0,0,6
2023-08-10T07:00,0.0,0,7
2023-08-10T08:00,50.0,0,8
2023-08-10T09:00,204.0,0,9
2023-08-10T10:00,387.0,0,10
2023-08-10T11:00,561.0,0,11
2023-08-10T12:00,706.0,0,12
2023-08-10T13:00,808.0,0,13
2023-08-10T14:00,856.0,29,14
2023-08-10T15:00,837.0,46,15
2023-08-10T16:00,693.0,100,16
2023-08-10T17:00,469.0,96,17
2023-08-10T18:00,368.0,96,18
2023-08-10T19:00,326.0,54,19
2023-08-10T20:00,167.0,89,20
2023-08-10T21:00,37.0,13,21
2023-08-10T22:00,0.0,37,22
2023-08-10T23:00,0.0,3,23
2023-08-11T00:00,0.0,1,0
2023-08-11T01:00,0.0,2,1
2023-08-11T02:00,0.0,0,2
2023-08-11T03:00,0.0,0,3
2023-08-11T04:00,0.0,0,4
2023-08-11T05:00,0.0,12,5
2023-08-11T06:00,0.0,52,6
2023-08-11T07:00,0.0,39,7
2023-08-11T08:00,48.0,29,8
2023-08-11T09:00,200.0,16,9
2023-08-11T10:00,383.0,1,10
2023-08-11T11:00,559.0,2,11
2023-08-11T12:00,707.0,19,12
2023-08-11T13:00,811.0,0,13
2023-08-11T14:00,865.0,0,14
2023-08-11T15:00,857.0,17,15
2023-08-11T16:00,797.0,0,16
2023-08-11T17:00,688.0,0,17
2023-08-11T18:00,536.0,0,18
2023-08-11T19:00,358.0,0,19
2023-08-11T20:00,176.0,0,20
2023-08-11T21:00,35.0,0,21
2023-08-11T22:00,0.0,0,22
2023-08-11T23:00,0.0,0,23
2023-08-12T00:00,0.0,0,0
2023-08-12T01:00,0.0,0,1
2023-08-12T02:00,0.0,0,2
2023-08-12T03:00,0.0,0,3
2023-08-12T04:00,0.0,0,4
2023-08-12T05:00,0.0,0,5
2023-08-12T06:00,0.0,0,6
2023-08-12T07:00,0.0,0,7
2023-08-12T08:00,47.0,1,8
2023-08-12T09:00,198.0,2,9
2023-08-12T10:00,380.0,14,10
2023-08-12T11:00,554.0,1,11
2023-08-12T12:00,701.0,0,12
2023-08-12T13:00,804.0,42,13
2023-08-12T14:00,853.0,7,14
2023-08-12T15:00,850.0,0,15
2023-08-12T16:00,791.0,26,16
2023-08-12T17:00,652.0,38,17
2023-08-12T18:00,521.0,21,18
2023-08-12T19:00,349.0,35,19
2023-08-12T20:00,160.0,17,20
2023-08-12T21:00,31.0,6,21
2023-08-12T22:00,0.0,29,22
2023-08-12T23:00,0.0,28,23
2023-08-13T00:00,0.0,9,0
2023-08-13T01:00,0.0,18,1
2023-08-13T02:00,0.0,28,2
2023-08-13T03:00,0.0,100,3
2023-08-13T04:00,0.0,92,4
2023-08-13T05:00,0.0,95,5
2023-08-13T06:00,0.0,65,6
2023-08-13T07:00,0.0,3,7
2023-08-13T08:00,38.0,9,8
2023-08-13T09:00,178.0,0,9
2023-08-13T10:00,360.0,1,10
2023-08-13T11:00,539.0,2,11
2023-08-13T12:00,686.0,3,12
2023-08-13T13:00,792.0,10,13
2023-08-13T14:00,845.0,9,14
2023-08-13T15:00,527.0,62,15
2023-08-13T16:00,678.0,27,16
2023-08-13T17:00,627.0,6,17
2023-08-13T18:00,523.0,0,18
2023-08-13T19:00,351.0,0,19
2023-08-13T20:00,171.0,11,20
2023-08-13T21:00,31.0,19,21
2023-08-13T22:00,0.0,23,22
2023-08-13T23:00,0.0,19,23
2023-08-14T00:00,0.0,8,0
2023-08-14T01:00,0.0,6,1
2023-08-14T02:00,0.0,3,2
2023-08-14T03:00,0.0,9,3
2023-08-14T04:00,0.0,5,4
2023-08-14T05:00,0.0,4,5
2023-08-14T06:00,0.0,6,6
2023-08-14T07:00,0.0,7,7
2023-08-14T08:00,42.0,5,8
2023-08-14T09:00,190.0,0,9
2023-08-14T10:00,371.0,1,10
2023-08-14T11:00,553.0,1,11
2023-08-14T12:00,698.0,6,12
2023-08-14T13:00,798.0,0,13
2023-08-14T14:00,857.0,0,14
2023-08-14T15:00,848.0,0,15
2023-08-14T16:00,792.0,0,16
2023-08-14T17:00,682.0,2,17
2023-08-14T18:00,528.0,42,18
2023-08-14T19:00,306.0,19,19
2023-08-14T20:00,159.0,29,20
2023-08-14T21:00,29.0,21,21
2023-08-14T22:00,0.0,7,22
2023-08-14T23:00,0.0,2,23
2023-08-15T00:00,0.0,1,0
2023-08-15T01:00,0.0,1,1
2023-08-15T02:00,0.0,1,2
2023-08-15T03:00,0.0,1,3
2023-08-15T04:00,0.0,0,4
2023-08-15T05:00,0.0,0,5
2023-08-15T06:00,0.0,0,6
2023-08-15T07:00,0.0,0,7
2023-08-15T08:00,42.0,3,8
2023-08-15T09:00,190.0,0,9
2023-08-15T10:00,371.0,0,10
2023-08-15T11:00,546.0,0,11
2023-08-15T12:00,693.0,17,12
2023-08-15T13:00,799.0,21,13
2023-08-15T14:00,851.0,21,14
2023-08-15T15:00,773.0,83,15
2023-08-15T16:00,767.0,26,16
2023-08-15T17:00,677.0,0,17
2023-08-15T18:00,531.0,8,18
2023-08-15T19:00,352.0,32,19
2023-08-15T20:00,167.0,21,20
2023-08-15T21:00,28.0,32,21
2023-08-15T22:00,0.0,98,22
2023-08-15T23:00,0.0,53,23
2023-08-16T00:00,0.0,2,0
2023-08-16T01:00,0.0,0,1
2023-08-16T02:00,0.0,0,2
2023-08-16T03:00,0.0,1,3
2023-08-16T04:00,0.0,0,4
2023-08-16T05:00,0.0,0,5
2023-08-16T06:00,0.0,10,6
2023-08-16T07:00,0.0,61,7
2023-08-16T08:00,36.0,38,8
2023-08-16T09:00,175.0,36,9
2023-08-16T10:00,339.0,44,10
2023-08-16T11:00,511.0,19,11
2023-08-16T12:00,673.0,43,12
2023-08-16T13:00,773.0,96,13
2023-08-16T14:00,824.0,95,14
2023-08-16T15:00,792.0,97,15
2023-08-16T16:00,724.0,77,16
2023-08-16T17:00,609.0,29,17
2023-08-16T18:00,528.0,39,18
2023-08-16T19:00,348.0,85,19
2023-08-16T20:00,149.0,32,20
2023-08-16T21:00,25.0,25,21
2023-08-16T22:00,0.0,92,22
2023-08-16T23:00,0.0,42,23
2023-08-17T00:00,0.0,24,0
2023-08-17T01:00,0.0,17,1
2023-08-17T02:00,0.0,7,2
2023-08-17T03:00,0.0,16,3
2023-08-17T04:00,0.0,6,4
2023-08-17T05:00,0.0,0,5
2023-08-17T06:00,0.0,0,6
2023-08-17T07:00,0.0,0,7
2023-08-17T08:00,39.0,0,8
2023-08-17T09:00,188.0,0,9
2023-08-17T10:00,373.0,1,10
2023-08-17T11:00,546.0,0,11
2023-08-17T12:00,695.0,1,12
2023-08-17T13:00,803.0,23,13
2023-08-17T14:00,854.0,15,14
2023-08-17T15:00,827.0,100,15
2023-08-17T16:00,725.0,84,16
2023-08-17T17:00,655.0,86,17
2023-08-17T18:00,456.0,44,18
2023-08-17T19:00,313.0,64,19
2023-08-17T20:00,134.0,58,20
2023-08-17T21:00,24.0,29,21
2023-08-17T22:00,0.0,4,22
2023-08-17T23:00,0.0,2,23
2023-08-18T00:00,0.0,0,0
2023-08-18T01:00,0.0,1,1
2023-08-18T02:00,0.0,1,2
2023-08-18T03:00,0.0,0,3
2023-08-18T04:00,0.0,2,4
2023-08-18T05:00,0.0,0,5
2023-08-18T06:00,0.0,0,6
2023-08-18T07:00,0.0,0,7
2023-08-18T08:00,37.0,0,8
2023-08-18T09:00,184.0,13,9
2023-08-18T10:00,367.0,38,10
2023-08-18T11:00,542.0,54,11
2023-08-18T12:00,688.0,56,12
2023-08-18T13:00,792.0,15,13
2023-08-18T14:00,845.0,100,14
2023-08-18T15:00,788.0,100,15
2023-08-18T16:00,733.0,18,16
2023-08-18T17:00,652.0,70,17
2023-08-18T18:00,467.0,33,18
2023-08-18T19:00,321.0,15,19
2023-08-18T20:00,151.0,34,20
2023-08-18T21:00,22.0,71,21
2023-08-18T22:00,0.0,75,22
2023-08-18T23:00,0.0,17,23
2023-08-19T00:00,0.0,100,0
2023-08-19T01:00,0.0,96,1
2023-08-19T02:00,0.0,94,2
2023-08-19T03:00,0.0,100,3
2023-08-19T04:00,0.0,97,4
2023-08-19T05:00,0.0,41,5
2023-08-19T06:00,0.0,14,6
2023-08-19T07:00,0.0,23,7
2023-08-19T08:00,29.0,98,8
2023-08-19T09:00,121.0,100,9
2023-08-19T10:00,297.0,57,10
2023-08-19T11:00,440.0,100,11
2023-08-19T12:00,644.0,100,12
2023-08-19T13:00,743.0,99,13
2023-08-19T14:00,819.0,44,14
2023-08-19T15:00,833.0,61,15
2023-08-19T16:00,770.0,69,16
2023-08-19T17:00,662.0,58,17
2023-08-19T18:00,481.0,53,18
2023-08-19T19:00,323.0,16,19
2023-08-19T20:00,144.0,32,20
2023-08-19T21:00,20.0,32,21
2023-08-19T22:00,0.0,22,22
2023-08-19T23:00,0.0,12,23
2023-08-20T00:00,0.0,0,0
2023-08-20T01:00,0.0,0,1
2023-08-20T02:00,0.0,0,2
2023-08-20T03:00,0.0,6,3
2023-08-20T04:00,0.0,2,4
2023-08-20T05:00,0.0,7,5
2023-08-20T06:00,0.0,0,6
2023-08-20T07:00,0.0,0,7
2023-08-20T08:00,33.0,0,8
2023-08-20T09:00,175.0,0,9
2023-08-20T10:00,356.0,0,10
2023-08-20T11:00,530.0,0,11
2023-08-20T12:00,677.0,0,12
2023-08-20T13:00,780.0,0,13
2023-08-20T14:00,829.0,3,14
2023-08-20T15:00,802.0,6,15
2023-08-20T16:00,723.0,8,16
2023-08-20T17:00,624.0,10,17
2023-08-20T18:00,466.0,5,18
2023-08-20T19:00,308.0,6,19
2023-08-20T20:00,137.0,4,20
2023-08-20T21:00,18.0,4,21
2023-08-20T22:00,0.0,5,22
2023-08-20T23:00,0.0,4,23
2023-08-21T00:00,0.0,3,0
2023-08-21T01:00,0.0,2,1
2023-08-21T02:00,0.0,1,2
2023-08-21T03:00,0.0,7,3
2023-08-21T04:00,0.0,4,4
2023-08-21T05:00,0.0,7,5
2023-08-21T06:00,0.0,1,6
2023-08-21T07:00,0.0,1,7
2023-08-21T08:00,32.0,0,8
2023-08-21T09:00,174.0,0,9
2023-08-21T10:00,354.0,0,10
2023-08-21T11:00,529.0,0,11
2023-08-21T12:00,676.0,0,12
2023-08-21T13:00,779.0,0,13
2023-08-21T14:00,833.0,0,14
2023-08-21T15:00,811.0,6,15
2023-08-21T16:00,740.0,9,16
2023-08-21T17:00,618.0,13,17
2023-08-21T18:00,474.0,25,18
2023-08-21T19:00,300.0,54,19
2023-08-21T20:00,126.0,83,20
2023-08-21T21:00,16.0,87,21
2023-08-21T22:00,0.0,100,22
2023-08-21T23:00,0.0,100,23
2023-08-22T00:00,0.0,97,0
2023-08-22T01:00,0.0,1,1
2023-08-22T02:00,0.0,0,2
2023-08-22T03:00,0.0,93,3
2023-08-22T04:00,0.0,100,4
2023-08-22T05:00,0.0,75,5
2023-08-22T06:00,0.0,2,6
2023-08-22T07:00,0.0,0,7
2023-08-22T08:00,31.0,0,8
2023-08-22T09:00,170.0,0,9
2023-08-22T10:00,352.0,1,10
2023-08-22T11:00,528.0,0,11
2023-08-22T12:00,674.0,0,12
2023-08-22T13:00,778.0,2,13
2023-08-22T14:00,807.0,9,14
2023-08-22T15:00,819.0,4,15
2023-08-22T16:00,701.0,44,16
2023-08-22T17:00,615.0,47,17
2023-08-22T18:00,456.0,50,18
2023-08-22T19:00,297.0,49,19
2023-08-22T20:00,134.0,66,20
2023-08-22T21:00,16.0,29,21
2023-08-22T22:00,0.0,67,22
2023-08-22T23:00,0.0,99,23
2023-08-23T00:00,0.0,1,0
2023-08-23T01:00,0.0,8,1
2023-08-23T02:00,0.0,37,2
2023-08-23T03:00,0.0,100,3
2023-08-23T04:00,0.0,2,4
2023-08-23T05:00,0.0,0,5
2023-08-23T06:00,0.0,2,6
2023-08-23T07:00,0.0,0,7
2023-08-23T08:00,29.0,0,8
2023-08-23T09:00,169.0,0,9
2023-08-23T10:00,349.0,0,10
2023-08-23T11:00,524.0,0,11
2023-08-23T12:00,669.0,0,12
2023-08-23T13:00,773.0,0,13
2023-08-23T14:00,823.0,38,14
2023-08-23T15:00,732.0,77,15
2023-08-23T16:00,583.0,93,16
2023-08-23T17:00,468.0,100,17
2023-08-23T18:00,416.0,100,18
2023-08-23T19:00,224.0,100,19
2023-08-23T20:00,101.0,99,20
2023-08-23T21:00,12.0,99,21
2023-08-23T22:00,0.0,100,22
2023-08-23T23:00,0.0,100,23
2023-08-24T00:00,0.0,18,0
2023-08-24T01:00,0.0,13,1
2023-08-24T02:00,0.0,2,2
2023-08-24T03:00,0.0,10,3
2023-08-24T04:00,0.0,7,4
2023-08-24T05:00,0.0,0,5
2023-08-24T06:00,0.0,0,6
2023-08-24T07:00,0.0,0,7
2023-08-24T08:00,27.0,1,8
2023-08-24T09:00,166.0,0,9
2023-08-24T10:00,347.0,0,10
2023-08-24T11:00,521.0,0,11
2023-08-24T12:00,667.0,0,12
2023-08-24T13:00,772.0,0,13
2023-08-24T14:00,825.0,0,14
2023-08-24T15:00,820.0,0,15
2023-08-24T16:00,670.0,7,16
2023-08-24T17:00,627.0,3,17
2023-08-24T18:00,486.0,1,18
2023-08-24T19:00,310.0,0,19
2023-08-24T20:00,132.0,0,20
2023-08-24T21:00,13.0,0,21
2023-08-24T22:00,0.0,3,22
2023-08-24T23:00,0.0,2,23
2023-08-25T00:00,0.0,1,0
2023-08-25T01:00,0.0,0,1
2023-08-25T02:00,0.0,0,2
2023-08-25T03:00,0.0,0,3
2023-08-25T04:00,0.0,0,4
2023-08-25T05:00,0.0,0,5
2023-08-25T06:00,0.0,1,6
2023-08-25T07:00,0.0,1,7
2023-08-25T08:00,27.0,0,8
2023-08-25T09:00,166.0,1,9
2023-08-25T10:00,337.0,32,10
2023-08-25T11:00,507.0,7,11
2023-08-25T12:00,659.0,3,12
2023-08-25T13:00,764.0,1,13
2023-08-25T14:00,821.0,0,14
2023-08-25T15:00,818.0,0,15
2023-08-25T16:00,759.0,0,16
2023-08-25T17:00,645.0,3,17
2023-08-25T18:00,487.0,25,18
2023-08-25T19:00,289.0,46,19
2023-08-25T20:00,124.0,57,20
2023-08-25T21:00,12.0,26,21
2023-08-25T22:00,0.0,66,22
2023-08-25T23:00,0.0,15,23
2023-08-26T00:00,0.0,15,0
2023-08-26T01:00,0.0,52,1
2023-08-26T02:00,0.0,50,2
2023-08-26T03:00,0.0,68,3
2023-08-26T04:00,0.0,95,4
2023-08-26T05:00,0.0,61,5
2023-08-26T06:00,0.0,34,6
2023-08-26T07:00,0.0,48,7
2023-08-26T08:00,22.0,33,8
2023-08-26T09:00,133.0,34,9
2023-08-26T10:00,289.0,44,10
2023-08-26T11:00,492.0,60,11
2023-08-26T12:00,594.0,52,12
2023-08-26T13:00,653.0,39,13
2023-08-26T14:00,696.0,65,14
2023-08-26T15:00,567.0,99,15
2023-08-26T16:00,344.0,80,16
2023-08-26T17:00,477.0,99,17
2023-08-26T18:00,244.0,98,18
2023-08-26T19:00,173.0,100,19
2023-08-26T20:00,36.0,98,20
2023-08-26T21:00,5.0,100,21
2023-08-26T22:00,0.0,100,22
2023-08-26T23:00,0.0,100,23
2023-08-27T00:00,0.0,100,0
2023-08-27T01:00,0.0,100,1
2023-08-27T02:00,0.0,100,2
2023-08-27T03:00,0.0,100,3
2023-08-27T04:00,0.0,100,4
2023-08-27T05:00,0.0,100,5
2023-08-27T06:00,0.0,97,6
2023-08-27T07:00,0.0,100,7
2023-08-27T08:00,4.0,100,8
2023-08-27T09:00,21.0,100,9
2023-08-27T10:00,38.0,100,10
2023-08-27T11:00,23.0,100,11
2023-08-27T12:00,94.0,100,12
2023-08-27T13:00,115.0,100,13
2023-08-27T14:00,103.0,100,14
2023-08-27T15:00,215.0,100,15
2023-08-27T16:00,311.0,100,16
2023-08-27T17:00,326.0,100,17
2023-08-27T18:00,125.0,100,18
2023-08-27T19:00,31.0,100,19
2023-08-27T20:00,16.0,100,20
2023-08-27T21:00,3.0,100,21
2023-08-27T22:00,0.0,100,22
2023-08-27T23:00,0.0,98,23
2023-08-28T00:00,0.0,1,0
2023-08-28T01:00,0.0,11,1
2023-08-28T02:00,0.0,3,2
2023-08-28T03:00,0.0,2,3
2023-08-28T04:00,0.0,36,4
2023-08-28T05:00,0.0,39,5
2023-08-28T06:00,0.0,24,6
2023-08-28T07:00,0.0,30,7
2023-08-28T08:00,23.0,43,8
2023-08-28T09:00,159.0,51,9
2023-08-28T10:00,332.0,91,10
2023-08-28T11:00,484.0,91,11
2023-08-28T12:00,623.0,49,12
2023-08-28T13:00,774.0,22,13
2023-08-28T14:00,814.0,31,14
2023-08-28T15:00,604.0,11,15
2023-08-28T16:00,676.0,66,16
2023-08-28T17:00,416.0,6,17
2023-08-28T18:00,464.0,34,18
2023-08-28T19:00,287.0,43,19
2023-08-28T20:00,120.0,9,20
2023-08-28T21:00,9.0,2,21
2023-08-28T22:00,0.0,19,22
2023-08-28T23:00,0.0,75,23
2023-08-29T00:00,0.0,33,0
2023-08-29T01:00,0.0,79,1
2023-08-29T02:00,0.0,54,2
2023-08-29T03:00,0.0,1,3
2023-08-29T04:00,0.0,1,4
2023-08-29T05:00,0.0,2,5
2023-08-29T06:00,0.0,0,6
2023-08-29T07:00,0.0,0,7
2023-08-29T08:00,23.0,5,8
2023-08-29T09:00,165.0,67,9
2023-08-29T10:00,329.0,30,10
2023-08-29T11:00,525.0,10,11
2023-08-29T12:00,684.0,3,12
2023-08-29T13:00,791.0,7,13
2023-08-29T14:00,841.0,57,14
2023-08-29T15:00,825.0,26,15
2023-08-29T16:00,763.0,0,16
2023-08-29T17:00,634.0,16,17
2023-08-29T18:00,455.0,24,18
2023-08-29T19:00,269.0,69,19
2023-08-29T20:00,103.0,96,20
2023-08-29T21:00,7.0,92,21
2023-08-29T22:00,0.0,98,22
2023-08-29T23:00,0.0,89,23
2023-08-30T00:00,0.0,27,0
2023-08-30T01:00,0.0,30,1
2023-08-30T02:00,0.0,73,2
2023-08-30T03:00,0.0,6,3
2023-08-30T04:00,0.0,88,4
2023-08-30T05:00,0.0,59,5
2023-08-30T06:00,0.0,69,6
2023-08-30T07:00,0.0,89,7
2023-08-30T08:00,18.0,99,8
2023-08-30T09:00,132.0,98,9
2023-08-30T10:00,309.0,99,10
2023-08-30T11:00,395.0,100,11
2023-08-30T12:00,397.0,95,12
2023-08-30T13:00,449.0,69,13
2023-08-30T14:00,557.0,19,14
2023-08-30T15:00,698.0,24,15
2023-08-30T16:00,640.0,66,16
2023-08-30T17:00,427.0,45,17
2023-08-30T18:00,389.0,66,18
2023-08-30T19:00,250.0,15,19
2023-08-30T20:00,103.0,7,20
2023-08-30T21:00,6.0,38,21
2023-08-30T22:00,0.0,87,22
2023-08-30T23:00,0.0,92,23
2023-08-31T00:00,0.0,67,0
2023-08-31T01:00,0.0,20,1
2023-08-31T02:00,0.0,8,2
2023-08-31T03:00,0.0,94,3
2023-08-31T04:00,0.0,40,4
2023-08-31T05:00,0.0,42,5
2023-08-31T06:00,0.0,96,6
2023-08-31T07:00,0.0,55,7
2023-08-31T08:00,11.0,100,8
2023-08-31T09:00,84.0,100,9
2023-08-31T10:00,169.0,100,10
2023-08-31T11:00,291.0,50,11
2023-08-31T12:00,555.0,61,12
2023-08-31T13:00,706.0,40,13
2023-08-31T14:00,769.0,55,14
2023-08-31T15:00,795.0,7,15
2023-08-31T16:00,735.0,1,16
2023-08-31T17:00,622.0,0,17
2023-08-31T18:00,471.0,0,18
2023-08-31T19:00,285.0,0,19
2023-08-31T20:00,107.0,0,20
2023-08-31T21:00,6.0,14,21
2023-08-31T22:00,0.0,35,22
2023-08-31T23:00,0.0,66,23
2023-09-01T00:00,0.0,96,0
2023-09-01T01:00,0.0,41,1
2023-09-01T02:00,0.0,21,2
2023-09-01T03:00,0.0,40,3
2023-09-01T04:00,0.0,95,4
2023-09-01T05:00,0.0,100,5
2023-09-01T06:00,0.0,100,6
2023-09-01T07:00,0.0,70,7
2023-09-01T08:00,18.0,84,8
2023-09-01T09:00,139.0,75,9
2023-09-01T10:00,308.0,70,10
2023-09-01T11:00,469.0,100,11
2023-09-01T12:00,530.0,90,12
2023-09-01T13:00,622.0,82,13
2023-09-01T14:00,701.0,96,14
2023-09-01T15:00,755.0,100,15
2023-09-01T16:00,600.0,59,16
2023-09-01T17:00,591.0,96,17
2023-09-01T18:00,423.0,85,18
2023-09-01T19:00,253.0,99,19
2023-09-01T20:00,91.0,91,20
2023-09-01T21:00,4.0,57,21
2023-09-01T22:00,0.0,100,22
2023-09-01T23:00,0.0,100,23
2023-09-02T00:00,0.0,97,0
2023-09-02T01:00,0.0,93,1
2023-09-02T02:00,0.0,82,2
2023-09-02T03:00,0.0,89,3
2023-09-02T04:00,0.0,61,4
2023-09-02T05:00,0.0,53,5
2023-09-02T06:00,0.0,65,6
2023-09-02T07:00,0.0,99,7
2023-09-02T08:00,14.0,100,8
2023-09-02T09:00,126.0,100,9
2023-09-02T10:00,223.0,100,10
2023-09-02T11:00,370.0,100,11
2023-09-02T12:00,509.0,100,12
2023-09-02T13:00,528.0,100,13
2023-09-02T14:00,473.0,100,14
2023-09-02T15:00,417.0,100,15
2023-09-02T16:00,301.0,100,16
2023-09-02T17:00,442.0,99,17
2023-09-02T18:00,281.0,99,18
2023-09-02T19:00,100.0,95,19
2023-09-02T20:00,43.0,94,20
2023-09-02T21:00,4.0,99,21
2023-09-02T22:00,0.0,100,22
2023-09-02T23:00,0.0,99,23
2023-09-03T00:00,0.0,92,0
2023-09-03T01:00,0.0,55,1
2023-09-03T02:00,0.0,89,2
2023-09-03T03:00,0.0,100,3
2023-09-03T04:00,0.0,100,4
2023-09-03T05:00,0.0,100,5
2023-09-03T06:00,0.0,100,6
2023-09-03T07:00,0.0,100,7
2023-09-03T08:00,10.0,100,8
2023-09-03T09:00,56.0,98,9
2023-09-03T10:00,205.0,100,10
2023-09-03T11:00,439.0,82,11
2023-09-03T12:00,590.0,73,12
2023-09-03T13:00,743.0,29,13
2023-09-03T14:00,791.0,100,14
2023-09-03T15:00,695.0,57,15
2023-09-03T16:00,708.0,86,16
2023-09-03T17:00,596.0,98,17
2023-09-03T18:00,434.0,97,18
2023-09-03T19:00,239.0,96,19
2023-09-03T20:00,83.0,87,20
2023-09-03T21:00,3.0,75,21
2023-09-03T22:00,0.0,35,22
2023-09-03T23:00,0.0,100,23
2023-09-04T00:00,0.0,100,0
2023-09-04T01:00,0.0,100,1
2023-09-04T02:00,0.0,100,2
2023-09-04T03:00,0.0,85,3
2023-09-04T04:00,0.0,64,4
2023-09-04T05:00,0.0,95,5
2023-09-04T06:00,0.0,97,6
2023-09-04T07:00,0.0,95,7
2023-09-04T08:00,14.0,100,8
2023-09-04T09:00,114.0,100,9
2023-09-04T10:00,286.0,100,10
2023-09-04T11:00,467.0,82,11
2023-09-04T12:00,636.0,87,12
2023-09-04T13:00,741.0,52,13
2023-09-04T14:00,791.0,21,14
2023-09-04T15:00,786.0,7,15
2023-09-04T16:00,724.0,11,16
2023-09-04T17:00,596.0,35,17
2023-09-04T18:00,441.0,2,18
2023-09-04T19:00,262.0,0,19
2023-09-04T20:00,89.0,0,20
2023-09-04T21:00,3.0,0,21
2023-09-04T22:00,0.0,0,22
2023-09-04T23:00,0.0,0,23
2023-09-05T00:00,0.0,0,0
2023-09-05T01:00,0.0,0,1
2023-09-05T02:00,0.0,1,2
2023-09-05T03:00,0.0,8,3
2023-09-05T04:00,0.0,9,4
2023-09-05T05:00,0.0,24,5
2023-09-05T06:00,0.0,17,6
2023-09-05T07:00,0.0,1,7
2023-09-05T08:00,15.0,1,8
2023-09-05T09:00,139.0,5,9
2023-09-05T10:00,318.0,0,10
2023-09-05T11:00,494.0,0,11
2023-09-05T12:00,642.0,0,12
2023-09-05T13:00,745.0,0,13
2023-09-05T14:00,794.0,0,14
2023-09-05T15:00,782.0,0,15
2023-09-05T16:00,715.0,0,16
2023-09-05T17:00,595.0,8,17
2023-09-05T18:00,431.0,26,18
2023-09-05T19:00,248.0,18,19
2023-09-05T20:00,83.0,16,20
2023-09-05T21:00,2.0,15,21
2023-09-05T22:00,0.0,22,22
2023-09-05T23:00,0.0,89,23
2023-09-06T00:00,0.0,81,0
2023-09-06T01:00,0.0,20,1
2023-09-06T02:00,0.0,3,2
2023-09-06T03:00,0.0,4,3
2023-09-06T04:00,0.0,20,4
2023-09-06T05:00,0.0,26,5
2023-09-06T06:00,0.0,0,6
2023-09-06T07:00,0.0,0,7
2023-09-06T08:00,14.0,0,8
2023-09-06T09:00,135.0,0,9
2023-09-06T10:00,315.0,0,10
2023-09-06T11:00,493.0,0,11
2023-09-06T12:00,641.0,0,12
2023-09-06T13:00,742.0,1,13
2023-09-06T14:00,789.0,0,14
2023-09-06T15:00,776.0,0,15
2023-09-06T16:00,709.0,0,16
2023-09-06T17:00,590.0,0,17
2023-09-06T18:00,438.0,0,18
2023-09-06T19:00,250.0,0,19
2023-09-06T20:00,81.0,0,20
2023-09-06T21:00,1.0,0,21
2023-09-06T22:00,0.0,0,22
2023-09-06T23:00,0.0,0,23
2023-09-07T00:00,0.0,0,0
2023-09-07T01:00,0.0,0,1
2023-09-07T02:00,0.0,0,2
2023-09-07T03:00,0.0,0,3
2023-09-07T04:00,0.0,0,4
2023-09-07T05:00,0.0,0,5
2023-09-07T06:00,0.0,0,6
2023-09-07T07:00,0.0,0,7
2023-09-07T08:00,13.0,0,8
2023-09-07T09:00,136.0,0,9
2023-09-07T10:00,318.0,0,10
2023-09-07T11:00,496.0,16,11
2023-09-07T12:00,646.0,19,12
2023-09-07T13:00,749.0,0,13
2023-09-07T14:00,800.0,0,14
2023-09-07T15:00,800.0,0,15
2023-09-07T16:00,731.0,0,16
2023-09-07T17:00,608.0,0,17
2023-09-07T18:00,443.0,0,18
2023-09-07T19:00,255.0,0,19
2023-09-07T20:00,80.0,0,20
2023-09-07T21:00,1.0,0,21
2023-09-07T22:00,0.0,0,22
2023-09-07T23:00,0.0,3,23
2023-09-08T00:00,0.0,31,0
2023-09-08T01:00,0.0,0,1
2023-09-08T02:00,0.0,0,2
2023-09-08T03:00,0.0,0,3
2023-09-08T04:00,0.0,0,4
2023-09-08T05:00,0.0,2,5
2023-09-08T06:00,0.0,4,6
2023-09-08T07:00,0.0,3,7
2023-09-08T08:00,12.0,1,8
2023-09-08T09:00,135.0,1,9
2023-09-08T10:00,319.0,0,10
2023-09-08T11:00,497.0,0,11
2023-09-08T12:00,648.0,0,12
2023-09-08T13:00,749.0,0,13
2023-09-08T14:00,796.0,1,14
2023-09-08T15:00,784.0,10,15
2023-09-08T16:00,713.0,37,16
2023-09-08T17:00,590.0,41,17
2023-09-08T18:00,427.0,54,18
2023-09-08T19:00,238.0,76,19
2023-09-08T20:00,74.0,0,20
2023-09-08T21:00,1.0,0,21
2023-09-08T22:00,0.0,0,22
2023-09-08T23:00,0.0,0,23
2023-09-09T00:00,0.0,0,0
2023-09-09T01:00,0.0,0,1
2023-09-09T02:00,0.0,0,2
2023-09-09T03:00,0.0,0,3
2023-09-09T04:00,0.0,55,4
2023-09-09T05:00,0.0,11,5
2023-09-09T06:00,0.0,23,6
2023-09-09T07:00,0.0,22,7
2023-09-09T08:00,12.0,25,8
2023-09-09T09:00,131.0,0,9
2023-09-09T10:00,313.0,4,10
2023-09-09T11:00,489.0,9,11
2023-09-09T12:00,640.0,16,12
2023-09-09T13:00,743.0,9,13
2023-09-09T14:00,792.0,6,14
2023-09-09T15:00,779.0,0,15
2023-09-09T16:00,710.0,1,16
2023-09-09T17:00,591.0,6,17
2023-09-09T18:00,429.0,2,18
2023-09-09T19:00,244.0,0,19
2023-09-09T20:00,72.0,18,20
2023-09-09T21:00,0.0,0,21
2023-09-09T22:00,0.0,0,22
2023-09-09T23:00,0.0,0,23
2023-09-10T00:00,0.0,0,0
2023-09-10T01:00,0.0,0,1
2023-09-10T02:00,0.0,0,2
2023-09-10T03:00,0.0,7,3
2023-09-10T04:00,0.0,0,4
2023-09-10T05:00,0.0,0,5
2023-09-10T06:00,0.0,0,6
2023-09-10T07:00,0.0,0,7
2023-09-10T08:00,10.0,0,8
2023-09-10T09:00,122.0,0,9
2023-09-10T10:00,298.0,0,10
2023-09-10T11:00,463.0,0,11
2023-09-10T12:00,611.0,0,12
2023-09-10T13:00,718.0,0,13
2023-09-10T14:00,766.0,16,14
2023-09-10T15:00,741.0,17,15
2023-09-10T16:00,664.0,42,16
2023-09-10T17:00,559.0,69,17
2023-09-10T18:00,407.0,96,18
2023-09-10T19:00,222.0,97,19
2023-09-10T20:00,61.0,99,20
2023-09-10T21:00,0.0,100,21
2023-09-10T22:00,0.0,92,22
2023-09-10T23:00,0.0,97,23
2023-09-11T00:00,0.0,81,0
2023-09-11T01:00,0.0,93,1
2023-09-11T02:00,0.0,94,2
2023-09-11T03:00,0.0,7,3
2023-09-11T04:00,0.0,43,4
2023-09-11T05:00,0.0,24,5
2023-09-11T06:00,0.0,29,6
2023-09-11T07:00,0.0,30,7
2023-09-11T08:00,9.0,71,8
2023-09-11T09:00,115.0,96,9
2023-09-11T10:00,297.0,86,10
2023-09-11T11:00,467.0,94,11
2023-09-11T12:00,607.0,98,12
2023-09-11T13:00,705.0,22,13
2023-09-11T14:00,765.0,100,14
2023-09-11T15:00,610.0,100,15
2023-09-11T16:00,520.0,100,16
2023-09-11T17:00,469.0,100,17
2023-09-11T18:00,354.0,99,18
2023-09-11T19:00,152.0,95,19
2023-09-11T20:00,52.0,89,20
2023-09-11T21:00,0.0,3,21
2023-09-11T22:00,0.0,13,22
2023-09-11T23:00,0.0,32,23
2023-09-12T00:00,0.0,12,0
2023-09-12T01:00,0.0,0,1
2023-09-12T02:00,0.0,8,2
2023-09-12T03:00,0.0,12,3
2023-09-12T04:00,0.0,37,4
2023-09-12T05:00,0.0,59,5
2023-09-12T06:00,0.0,75,6
2023-09-12T07:00,0.0,48,7
2023-09-12T08:00,8.0,100,8
2023-09-12T09:00,67.0,100,9
2023-09-12T10:00,174.0,99,10
2023-09-12T11:00,324.0,100,11
2023-09-12T12:00,524.0,100,12
2023-09-12T13:00,518.0,100,13
2023-09-12T14:00,549.0,5,14
2023-09-12T15:00,672.0,96,15
2023-09-12T16:00,425.0,88,16
2023-09-12T17:00,381.0,100,17
2023-09-12T18:00,158.0,100,18
2023-09-12T19:00,117.0,97,19
2023-09-12T20:00,41.0,50,20
2023-09-12T21:00,0.0,69,21
2023-09-12T22:00,0.0,51,22
2023-09-12T23:00,0.0,82,23
2023-09-13T00:00,0.0,88,0
2023-09-13T01:00,0.0,22,1
2023-09-13T02:00,0.0,20,2
2023-09-13T03:00,0.0,43,3
2023-09-13T04:00,0.0,39,4
2023-09-13T05:00,0.0,37,5
2023-09-13T06:00,0.0,75,6
2023-09-13T07:00,0.0,79,7
2023-09-13T08:00,6.0,81,8
2023-09-13T09:00,87.0,41,9
2023-09-13T10:00,229.0,11,10
2023-09-13T11:00,453.0,12,11
2023-09-13T12:00,595.0,21,12
2023-09-13T13:00,675.0,6,13
2023-09-13T14:00,738.0,13,14
2023-09-13T15:00,669.0,80,15
2023-09-13T16:00,425.0,17,16
2023-09-13T17:00,495.0,47,17
2023-09-13T18:00,340.0,50,18
2023-09-13T19:00,169.0,41,19
2023-09-13T20:00,48.0,36,20
2023-09-13T21:00,0.0,26,21
2023-09-13T22:00,0.0,94,22
2023-09-13T23:00,0.0,89,23
2023-09-14T00:00,0.0,75,0
2023-09-14T01:00,0.0,76,1
2023-09-14T02:00,0.0,89,2
2023-09-14T03:00,0.0,100,3
2023-09-14T04:00,0.0,97,4
2023-09-14T05:00,0.0,97,5
2023-09-14T06:00,0.0,98,6
2023-09-14T07:00,0.0,98,7
2023-09-14T08:00,7.0,97,8
2023-09-14T09:00,92.0,100,9
2023-09-14T10:00,242.0,79,10
2023-09-14T11:00,428.0,54,11
2023-09-14T12:00,545.0,25,12
2023-09-14T13:00,646.0,18,13
2023-09-14T14:00,700.0,46,14
2023-09-14T15:00,563.0,59,15
2023-09-14T16:00,565.0,55,16
2023-09-14T17:00,473.0,37,17
2023-09-14T18:00,353.0,70,18
2023-09-14T19:00,161.0,17,19
2023-09-14T20:00,46.0,48,20
2023-09-14T21:00,0.0,25,21
2023-09-14T22:00,0.0,15,22
2023-09-14T23:00,0.0,11,23
2023-09-15T00:00,0.0,7,0
2023-09-15T01:00,0.0,8,1
2023-09-15T02:00,0.0,31,2
2023-09-15T03:00,0.0,98,3
2023-09-15T04:00,0.0,99,4
2023-09-15T05:00,0.0,99,5
2023-09-15T06:00,0.0,100,6
2023-09-15T07:00,0.0,100,7
2023-09-15T08:00,6.0,100,8
2023-09-15T09:00,91.0,93,9
2023-09-15T10:00,247.0,100,10
2023-09-15T11:00,329.0,100,11
2023-09-15T12:00,366.0,100,12
2023-09-15T13:00,295.0,100,13
2023-09-15T14:00,158.0,100,14
2023-09-15T15:00,106.0,100,15
2023-09-15T16:00,46.0,100,16
2023-09-15T17:00,19.0,100,17
2023-09-15T18:00,13.0,100,18
2023-09-15T19:00,61.0,100,19
2023-09-15T20:00,39.0,66,20
2023-09-15T21:00,0.0,42,21
2023-09-15T22:00,0.0,51,22
2023-09-15T23:00,0.0,97,23
2023-09-16T00:00,0.0,73,0
2023-09-16T01:00,0.0,79,1
2023-09-16T02:00,0.0,8,2
2023-09-16T03:00,0.0,94,3
2023-09-16T04:00,0.0,90,4
2023-09-16T05:00,0.0,45,5
2023-09-16T06:00,0.0,87,6
2023-09-16T07:00,0.0,100,7
2023-09-16T08:00,6.0,98,8
2023-09-16T09:00,91.0,94,9
2023-09-16T10:00,267.0,1,10
2023-09-16T11:00,456.0,18,11
2023-09-16T12:00,569.0,80,12
2023-09-16T13:00,575.0,89,13
2023-09-16T14:00,666.0,14,14
2023-09-16T15:00,728.0,39,15
2023-09-16T16:00,631.0,47,16
2023-09-16T17:00,530.0,97,17
2023-09-16T18:00,361.0,97,18
2023-09-16T19:00,186.0,81,19
2023-09-16T20:00,43.0,86,20
2023-09-16T21:00,0.0,71,21
2023-09-16T22:00,0.0,84,22
2023-09-16T23:00,0.0,95,23
2023-09-17T00:00,0.0,69,0
2023-09-17T01:00,0.0,38,1
2023-09-17T02:00,0.0,49,2
2023-09-17T03:00,0.0,42,3
2023-09-17T04:00,0.0,40,4
2023-09-17T05:00,0.0,61,5
2023-09-17T06:00,0.0,99,6
2023-09-17T07:00,0.0,2,7
2023-09-17T08:00,6.0,0,8
2023-09-17T09:00,107.0,11,9
2023-09-17T10:00,279.0,64,10
2023-09-17T11:00,453.0,71,11
2023-09-17T12:00,522.0,100,12
2023-09-17T13:00,307.0,93,13
2023-09-17T14:00,496.0,32,14
2023-09-17T15:00,656.0,0,15
2023-09-17T16:00,660.0,0,16
2023-09-17T17:00,532.0,2,17
2023-09-17T18:00,370.0,9,18
2023-09-17T19:00,190.0,68,19
2023-09-17T20:00,39.0,65,20
2023-09-17T21:00,0.0,43,21
2023-09-17T22:00,0.0,100,22
2023-09-17T23:00,0.0,100,23
2023-09-18T00:00,0.0,100,0
2023-09-18T01:00,0.0,100,1
2023-09-18T02:00,0.0,100,2
2023-09-18T03:00,0.0,100,3
2023-09-18T04:00,0.0,100,4
2023-09-18T05:00,0.0,100,5
2023-09-18T06:00,0.0,100,6
2023-09-18T07:00,0.0,100,7
2023-09-18T08:00,3.0,86,8
2023-09-18T09:00,76.0,22,9
2023-09-18T10:00,254.0,26,10
2023-09-18T11:00,447.0,98,11
2023-09-18T12:00,575.0,100,12
2023-09-18T13:00,646.0,100,13
2023-09-18T14:00,713.0,99,14
2023-09-18T15:00,661.0,100,15
2023-09-18T16:00,594.0,100,16
2023-09-18T17:00,427.0,100,17
2023-09-18T18:00,333.0,100,18
2023-09-18T19:00,160.0,96,19
2023-09-18T20:00,37.0,100,20
2023-09-18T21:00,0.0,100,21
2023-09-18T22:00,0.0,100,22
2023-09-18T23:00,0.0,100,23
2023-09-19T00:00,0.0,100,0
2023-09-19T01:00,0.0,98,1
2023-09-19T02:00,0.0,71,2
2023-09-19T03:00,0.0,99,3
2023-09-19T04:00,0.0,77,4
2023-09-19T05:00,0.0,56,5
2023-09-19T06:00,0.0,94,6
2023-09-19T07:00,0.0,95,7
2023-09-19T08:00,5.0,92,8
2023-09-19T09:00,94.0,95,9
2023-09-19T10:00,265.0,64,10
2023-09-19T11:00,435.0,80,11
2023-09-19T12:00,570.0,100,12
2023-09-19T13:00,563.0,100,13
2023-09-19T14:00,437.0,100,14
2023-09-19T15:00,441.0,100,15
2023-09-19T16:00,390.0,100,16
2023-09-19T17:00,246.0,100,17
2023-09-19T18:00,172.0,100,18
2023-09-19T19:00,93.0,100,19
2023-09-19T20:00,23.0,100,20
2023-09-19T21:00,0.0,100,21
2023-09-19T22:00,0.0,100,22
2023-09-19T23:00,0.0,100,23
2023-09-20T00:00,0.0,100,0
2023-09-20T01:00,0.0,100,1
2023-09-20T02:00,0.0,100,2
2023-09-20T03:00,0.0,100,3
2023-09-20T04:00,0.0,100,4
2023-09-20T05:00,0.0,99,5
2023-09-20T06:00,0.0,99,6
2023-09-20T07:00,0.0,100,7
2023-09-20T08:00,3.0,100,8
2023-09-20T09:00,65.0,100,9
2023-09-20T10:00,129.0,100,10
2023-09-20T11:00,234.0,100,11
2023-09-20T12:00,271.0,100,12
2023-09-20T13:00,481.0,100,13
2023-09-20T14:00,594.0,97,14
2023-09-20T15:00,53.0,99,15
2023-09-20T16:00,386.0,91,16
2023-09-20T17:00,406.0,46,17
2023-09-20T18:00,239.0,63,18
2023-09-20T19:00,147.0,25,19
2023-09-20T20:00,31.0,6,20
2023-09-20T21:00,0.0,1,21
2023-09-20T22:00,0.0,10,22
2023-09-20T23:00,0.0,14,23
2023-09-21T00:00,0.0,3,0
2023-09-21T01:00,0.0,26,1
2023-09-21T02:00,0.0,0,2
2023-09-21T03:00,0.0,2,3
2023-09-21T04:00,0.0,44,4
2023-09-21T05:00,0.0,99,5
2023-09-21T06:00,0.0,69,6
2023-09-21T07:00,0.0,55,7
2023-09-21T08:00,4.0,100,8
2023-09-21T09:00,91.0,100,9
2023-09-21T10:00,189.0,100,10
2023-09-21T11:00,320.0,100,11
2023-09-21T12:00,389.0,96,12
2023-09-21T13:00,565.0,99,13
2023-09-21T14:00,640.0,97,14
2023-09-21T15:00,603.0,89,15
2023-09-21T16:00,604.0,96,16
2023-09-21T17:00,439.0,100,17
2023-09-21T18:00,251.0,97,18
2023-09-21T19:00,131.0,80,19
2023-09-21T20:00,27.0,100,20
2023-09-21T21:00,0.0,100,21
2023-09-21T22:00,0.0,100,22
2023-09-21T23:00,0.0,100,23
2023-09-22T00:00,0.0,100,0
2023-09-22T01:00,0.0,100,1
2023-09-22T02:00,0.0,100,2
2023-09-22T03:00,0.0,100,3
2023-09-22T04:00,0.0,100,4
2023-09-22T05:00,0.0,100,5
2023-09-22T06:00,0.0,99,6
2023-09-22T07:00,0.0,64,7
2023-09-22T08:00,3.0,3,8
2023-09-22T09:00,100.0,0,9
2023-09-22T10:00,280.0,0,10
2023-09-22T11:00,459.0,0,11
2023-09-22T12:00,608.0,0,12
2023-09-22T13:00,720.0,0,13
2023-09-22T14:00,747.0,0,14
2023-09-22T15:00,735.0,31,15
2023-09-22T16:00,624.0,8,16
2023-09-22T17:00,529.0,0,17
2023-09-22T18:00,368.0,0,18
2023-09-22T19:00,181.0,0,19
2023-09-22T20:00,30.0,0,20
2023-09-22T21:00,0.0,4,21
2023-09-22T22:00,0.0,0,22
2023-09-22T23:00,0.0,0,23
2023-09-23T00:00,0.0,1,0
2023-09-23T01:00,0.0,0,1
2023-09-23T02:00,0.0,0,2
2023-09-23T03:00,0.0,87,3
2023-09-23T04:00,0.0,95,4
2023-09-23T05:00,0.0,36,5
2023-09-23T06:00,0.0,13,6
2023-09-23T07:00,0.0,12,7
2023-09-23T08:00,3.0,7,8
2023-09-23T09:00,94.0,1,9
2023-09-23T10:00,265.0,0,10
2023-09-23T11:00,443.0,0,11
2023-09-23T12:00,601.0,0,12
2023-09-23T13:00,698.0,0,13
2023-09-23T14:00,748.0,1,14
2023-09-23T15:00,629.0,23,15
2023-09-23T16:00,548.0,10,16
2023-09-23T17:00,493.0,35,17
2023-09-23T18:00,306.0,1,18
2023-09-23T19:00,167.0,0,19
2023-09-23T20:00,26.0,0,20
2023-09-23T21:00,0.0,6,21
2023-09-23T22:00,0.0,49,22
2023-09-23T23:00,0.0,5,23
2023-09-24T00:00,0.0,10,0
2023-09-24T01:00,0.0,2,1
2023-09-24T02:00,0.0,7,2
2023-09-24T03:00,0.0,14,3
2023-09-24T04:00,0.0,11,4
2023-09-24T05:00,0.0,2,5
2023-09-24T06:00,0.0,3,6
2023-09-24T07:00,0.0,6,7
2023-09-24T08:00,2.0,26,8
2023-09-24T09:00,88.0,31,9
2023-09-24T10:00,255.0,24,10
2023-09-24T11:00,417.0,25,11
2023-09-24T12:00,487.0,36,12
2023-09-24T13:00,596.0,29,13
2023-09-24T14:00,570.0,16,14
2023-09-24T15:00,693.0,66,15
2023-09-24T16:00,605.0,75,16
2023-09-24T17:00,497.0,62,17
2023-09-24T18:00,340.0,6,18
2023-09-24T19:00,164.0,1,19
2023-09-24T20:00,24.0,0,20
2023-09-24T21:00,0.0,11,21
2023-09-24T22:00,0.0,48,22
2023-09-24T23:00,0.0,3,23
2023-09-25T00:00,0.0,3,0
2023-09-25T01:00,0.0,0,1
2023-09-25T02:00,0.0,0,2
2023-09-25T03:00,0.0,0,3
2023-09-25T04:00,0.0,0,4
2023-09-25T05:00,0.0,0,5
2023-09-25T06:00,0.0,10,6
2023-09-25T07:00,0.0,21,7
2023-09-25T08:00,2.0,25,8
2023-09-25T09:00,85.0,42,9
2023-09-25T10:00,240.0,23,10
2023-09-25T11:00,400.0,6,11
2023-09-25T12:00,549.0,0,12
2023-09-25T13:00,666.0,0,13
2023-09-25T14:00,719.0,0,14
2023-09-25T15:00,703.0,0,15
2023-09-25T16:00,629.0,0,16
2023-09-25T17:00,503.0,0,17
2023-09-25T18:00,339.0,0,18
2023-09-25T19:00,160.0,0,19
2023-09-25T20:00,22.0,0,20
2023-09-25T21:00,0.0,0,21
2023-09-25T22:00,0.0,0,22
2023-09-25T23:00,0.0,0,23
2023-09-26T00:00,0.0,0,0
2023-09-26T01:00,0.0,0,1
2023-09-26T02:00,0.0,0,2
2023-09-26T03:00,0.0,0,3
2023-09-26T04:00,0.0,0,4
2023-09-26T05:00,0.0,1,5
2023-09-26T06:00,0.0,6,6
2023-09-26T07:00,0.0,11,7
2023-09-26T08:00,2.0,6,8
2023-09-26T09:00,84.0,10,9
2023-09-26T10:00,247.0,7,10
2023-09-26T11:00,422.0,0,11
2023-09-26T12:00,573.0,0,12
2023-09-26T13:00,667.0,0,13
2023-09-26T14:00,709.0,1,14
2023-09-26T15:00,698.0,1,15
2023-09-26T16:00,621.0,0,16
2023-09-26T17:00,497.0,0,17
2023-09-26T18:00,333.0,0,18
2023-09-26T19:00,155.0,0,19
2023-09-26T20:00,19.0,0,20
2023-09-26T21:00,0.0,0,21
2023-09-26T22:00,0.0,13,22
2023-09-26T23:00,0.0,23,23
2023-09-27T00:00,0.0,0,0
2023-09-27T01:00,0.0,0,1
2023-09-27T02:00,0.0,0,2
2023-09-27T03:00,0.0,8,3
2023-09-27T04:00,0.0,0,4
2023-09-27T05:00,0.0,0,5
2023-09-27T06:00,0.0,0,6
2023-09-27T07:00,0.0,0,7
2023-09-27T08:00,2.0,0,8
2023-09-27T09:00,82.0,0,9
2023-09-27T10:00,250.0,0,10
2023-09-27T11:00,430.0,0,11
2023-09-27T12:00,575.0,0,12
2023-09-27T13:00,674.0,4,13
2023-09-27T14:00,715.0,37,14
2023-09-27T15:00,695.0,9,15
2023-09-27T16:00,618.0,6,16
2023-09-27T17:00,491.0,4,17
2023-09-27T18:00,327.0,14,18
2023-09-27T19:00,149.0,35,19
2023-09-27T20:00,17.0,70,20
2023-09-27T21:00,0.0,99,21
2023-09-27T22:00,0.0,100,22
2023-09-27T23:00,0.0,96,23
2023-09-28T00:00,0.0,35,0
2023-09-28T01:00,0.0,58,1
2023-09-28T02:00,0.0,99,2
2023-09-28T03:00,0.0,100,3
2023-09-28T04:00,0.0,69,4
2023-09-28T05:00,0.0,65,5
2023-09-28T06:00,0.0,69,6
2023-09-28T07:00,0.0,100,7
2023-09-28T08:00,1.0,100,8
2023-09-28T09:00,57.0,100,9
2023-09-28T10:00,193.0,100,10
2023-09-28T11:00,372.0,69,11
2023-09-28T12:00,552.0,35,12
2023-09-28T13:00,657.0,55,13
2023-09-28T14:00,697.0,84,14
2023-09-28T15:00,675.0,36,15
2023-09-28T16:00,602.0,57,16
2023-09-28T17:00,478.0,85,17
2023-09-28T18:00,316.0,63,18
2023-09-28T19:00,142.0,4,19
2023-09-28T20:00,15.0,16,20
2023-09-28T21:00,0.0,5,21
2023-09-28T22:00,0.0,0,22
2023-09-28T23:00,0.0,0,23
2023-09-29T00:00,0.0,0,0
2023-09-29T01:00,0.0,0,1
2023-09-29T02:00,0.0,0,2
2023-09-29T03:00,0.0,0,3
2023-09-29T04:00,0.0,0,4
2023-09-29T05:00,0.0,0,5
2023-09-29T06:00,0.0,0,6
2023-09-29T07:00,0.0,0,7
2023-09-29T08:00,1.0,0,8
2023-09-29T09:00,77.0,1,9
2023-09-29T10:00,242.0,12,10
2023-09-29T11:00,414.0,21,11
2023-09-29T12:00,553.0,9,12
2023-09-29T13:00,649.0,3,13
2023-09-29T14:00,692.0,1,14
2023-09-29T15:00,672.0,6,15
2023-09-29T16:00,588.0,10,16
2023-09-29T17:00,455.0,2,17
2023-09-29T18:00,299.0,6,18
2023-09-29T19:00,137.0,10,19
2023-09-29T20:00,14.0,1,20
2023-09-29T21:00,0.0,1,21
2023-09-29T22:00,0.0,0,22
2023-09-29T23:00,0.0,0,23
2023-09-30T00:00,0.0,0,0
2023-09-30T01:00,0.0,1,1
2023-09-30T02:00,0.0,1,2
2023-09-30T03:00,0.0,0,3
2023-09-30T04:00,0.0,0,4
2023-09-30T05:00,0.0,0,5
2023-09-30T06:00,0.0,0,6
2023-09-30T07:00,0.0,0,7
2023-09-30T08:00,1.0,0,8
2023-09-30T09:00,76.0,0,9
2023-09-30T10:00,242.0,0,10
2023-09-30T11:00,412.0,0,11
2023-09-30T12:00,553.0,0,12
2023-09-30T13:00,649.0,0,13
2023-09-30T14:00,690.0,0,14
2023-09-30T15:00,675.0,0,15
2023-09-30T16:00,600.0,0,16
2023-09-30T17:00,475.0,0,17
2023-09-30T18:00,311.0,0,18
2023-09-30T19:00,135.0,0,19
2023-09-30T20:00,12.0,0,20
2023-09-30T21:00,0.0,0,21
2023-09-30T22:00,0.0,0,22
2023-09-30T23:00,0.0,0,23
